date,open,high,low,close,adj_close,volume,ets,number_date,symb,secteur
2020-03-17,1.323,1.323,1.2,1.224,1.224,31100,Jaguar,21,jagx,automobile
2020-03-16,1.2,1.26,1.14,1.215,1.215,53900,Jaguar,21,jagx,automobile
2020-03-13,1.275,1.338,1.134,1.2,1.2,62233,Jaguar,21,jagx,automobile
2020-03-12,1.2,1.26,1.098,1.14,1.14,85567,Jaguar,21,jagx,automobile
2020-03-11,1.515,1.53,1.269,1.35,1.35,82433,Jaguar,21,jagx,automobile
2020-03-10,1.5,1.662,1.38,1.47,1.47,93333,Jaguar,21,jagx,automobile
2020-03-09,1.5,1.65,1.5,1.56,1.56,116367,Jaguar,21,jagx,automobile
2020-03-06,1.89,1.899,1.71,1.758,1.758,93900,Jaguar,21,jagx,automobile
2020-03-05,2.175,2.337,1.89,1.95,1.95,599433,Jaguar,21,jagx,automobile
2020-03-04,1.8,1.89,1.8,1.875,1.875,40100,Jaguar,21,jagx,automobile
2020-03-03,1.89,1.914,1.77,1.902,1.902,74400,Jaguar,21,jagx,automobile
2020-03-02,1.797,1.86,1.68,1.8,1.8,93367,Jaguar,21,jagx,automobile
2020-02-28,1.698,1.8,1.62,1.71,1.71,105667,Jaguar,21,jagx,automobile
2020-02-27,1.86,1.875,1.74,1.785,1.785,91900,Jaguar,21,jagx,automobile
2020-02-26,1.944,2.046,1.89,1.893,1.893,73833,Jaguar,21,jagx,automobile
2020-02-25,2.1,2.1,1.95,1.965,1.965,71033,Jaguar,21,jagx,automobile
2020-02-24,2.214,2.214,2.013,2.025,2.025,35000,Jaguar,21,jagx,automobile
2020-02-21,2.13,2.211,2.1,2.13,2.13,54600,Jaguar,21,jagx,automobile
2020-02-20,2.064,2.13,2.04,2.109,2.109,61767,Jaguar,21,jagx,automobile
2020-02-19,2.073,2.073,1.995,2.049,2.049,48267,Jaguar,21,jagx,automobile
2020-02-18,2.13,2.13,2.037,2.043,2.043,46667,Jaguar,21,jagx,automobile
2020-03-17,5.23,5.37,4.92,5.31,5.31,3173600,Land rover,21,TTM,automobile
2020-03-16,5.4,5.61,5.05,5.08,5.08,2796200,Land rover,21,TTM,automobile
2020-03-13,6.01,6.09,5.5,6.09,6.09,3893600,Land rover,21,TTM,automobile
2020-03-12,5.6,5.64,5,5.29,5.29,3776000,Land rover,21,TTM,automobile
2020-03-11,6.79,6.83,6.4,6.45,6.45,3619700,Land rover,21,TTM,automobile
2020-03-10,7.1,7.3,6.82,7.2,7.2,2617300,Land rover,21,TTM,automobile
2020-03-09,7,7.09,6.63,6.71,6.71,2524900,Land rover,21,TTM,automobile
2020-03-06,7.71,8.28,7.59,7.77,7.77,3491700,Land rover,21,TTM,automobile
2020-03-05,8.48,8.5,8.02,8.02,8.02,2783300,Land rover,21,TTM,automobile
2020-03-04,8.69,8.72,8.34,8.57,8.57,1937300,Land rover,21,TTM,automobile
2020-03-03,9,9.09,8.53,8.69,8.69,3457900,Land rover,21,TTM,automobile
2020-03-02,9.08,9.08,8.61,8.96,8.96,2664300,Land rover,21,TTM,automobile
2020-02-28,8.83,9.19,8.71,9.16,9.16,2880100,Land rover,21,TTM,automobile
2020-02-27,9.87,9.99,9.61,9.72,9.72,3254600,Land rover,21,TTM,automobile
2020-02-26,10.2,10.25,10.05,10.06,10.06,2023700,Land rover,21,TTM,automobile
2020-02-25,10.43,10.49,10.02,10.06,10.06,2832400,Land rover,21,TTM,automobile
2020-02-24,10.38,10.38,10.23,10.33,10.33,1811400,Land rover,21,TTM,automobile
2020-02-21,11,11.08,10.86,10.88,10.88,1468700,Land rover,21,TTM,automobile
2020-02-20,11.1,11.16,11,11.05,11.05,967000,Land rover,21,TTM,automobile
2020-02-19,11.03,11.23,11.01,11.12,11.12,981300,Land rover,21,TTM,automobile
2020-02-18,11.35,11.39,11.07,11.21,11.21,2538200,Land rover,21,TTM,automobile
2020-03-17,10.32,10.39,9.9,10.18,9.22,132600,Lenovo,21,LNVGY,technologie
2020-03-16,10.5,10.5,10.05,10.23,9.27,35900,Lenovo,21,LNVGY,technologie
2020-03-13,10.89,11.14,10.54,11.14,10.09,69800,Lenovo,21,LNVGY,technologie
2020-03-12,11.23,11.23,10.27,10.54,9.55,86200,Lenovo,21,LNVGY,technologie
2020-03-11,12,12,11.68,11.72,10.62,51800,Lenovo,21,LNVGY,technologie
2020-03-10,12.78,12.78,12.15,12.38,11.22,61900,Lenovo,21,LNVGY,technologie
2020-03-09,11.84,12.56,11.84,12.32,11.16,29200,Lenovo,21,LNVGY,technologie
2020-03-06,12.9,13,12.71,12.78,11.58,31000,Lenovo,21,LNVGY,technologie
2020-03-05,12.78,13.01,12.78,12.9,11.69,121800,Lenovo,21,LNVGY,technologie
2020-03-04,12.99,13.05,12.95,13.01,11.79,34200,Lenovo,21,LNVGY,technologie
2020-03-03,12.48,12.87,12.48,12.57,11.39,79500,Lenovo,21,LNVGY,technologie
2020-03-02,12.7,12.7,12.26,12.47,11.3,59400,Lenovo,21,LNVGY,technologie
2020-02-28,11.87,12.52,11.87,12.52,11.35,60100,Lenovo,21,LNVGY,technologie
2020-02-27,12.7,12.94,12.49,12.49,11.32,71700,Lenovo,21,LNVGY,technologie
2020-02-26,13.26,13.26,13.11,13.12,11.89,52600,Lenovo,21,LNVGY,technologie
2020-02-25,13.9,13.9,13.01,13.05,11.83,142600,Lenovo,21,LNVGY,technologie
2020-02-24,13.9,14.03,13.76,13.85,12.55,42300,Lenovo,21,LNVGY,technologie
2020-02-21,14.36,14.36,14.2,14.22,12.89,45300,Lenovo,21,LNVGY,technologie
2020-02-20,14.79,14.79,14.52,14.67,13.29,53100,Lenovo,21,LNVGY,technologie
2020-02-19,13.72,13.96,13.72,13.88,12.58,25300,Lenovo,21,LNVGY,technologie
2020-02-18,13.46,13.81,13.46,13.78,12.49,11700,Lenovo,21,LNVGY,technologie
2020-03-18,50200,50800,47700,48000,48000,886739,Lg,22,066570.KS,technologie
2020-03-17,48000,52000,48000,49450,49450,1004008,Lg,22,066570.KS,technologie
2020-03-16,53100,54200,50400,50400,50400,948845,Lg,22,066570.KS,technologie
2020-03-13,51100,54500,50600,52500,52500,1968749,Lg,22,066570.KS,technologie
2020-03-12,59000,59000,59000,59000,59000,,Lg,22,066570.KS,technologie
2020-03-11,60000,61000,58100,59000,59000,938290,Lg,22,066570.KS,technologie
2020-03-10,58800,61400,58400,60000,60000,1500440,Lg,22,066570.KS,technologie
2020-03-09,60300,60300,60300,60300,60300,,Lg,22,066570.KS,technologie
2020-03-06,60900,61100,60200,60300,60300,542438,Lg,22,066570.KS,technologie
2020-03-05,61300,61900,60800,61500,61500,573595,Lg,22,066570.KS,technologie
2020-03-04,60100,61200,60100,60600,60600,520867,Lg,22,066570.KS,technologie
2020-03-03,61500,61700,60000,60200,60200,587763,Lg,22,066570.KS,technologie
2020-03-02,60300,61200,59600,60100,60100,711979,Lg,22,066570.KS,technologie
2020-02-28,61400,61700,60000,60400,60400,932828,Lg,22,066570.KS,technologie
2020-02-27,63000,63600,62000,62400,62400,524379,Lg,22,066570.KS,technologie
2020-02-26,62100,63700,61500,63300,63300,607215,Lg,22,066570.KS,technologie
2020-02-25,62200,63500,62100,63000,63000,956415,Lg,22,066570.KS,technologie
2020-02-24,64800,65000,63100,63300,63300,874557,Lg,22,066570.KS,technologie
2020-02-21,66000,67000,65800,66100,66100,531902,Lg,22,066570.KS,technologie
2020-02-20,68700,69000,66700,67200,67200,677402,Lg,22,066570.KS,technologie
2020-02-19,69300,69400,68000,68800,68800,636116,Lg,22,066570.KS,technologie
2020-02-18,67900,70000,67700,68900,68900,1338368,Lg,22,066570.KS,technologie
2020-03-17,140,147.5,135,146.57,144.76,81059800,Microsoft,22,msft,technologie
2020-03-16,140,149.35,135,135.42,133.75,87905900,Microsoft,22,msft,technologie
2020-03-13,147.5,161.91,140.73,158.83,156.87,92727400,Microsoft,22,msft,technologie
2020-03-12,145.3,153.47,138.58,139.06,137.34,93226400,Microsoft,22,msft,technologie
2020-03-11,157.13,157.7,151.15,153.63,151.73,56371600,Microsoft,22,msft,technologie
2020-03-10,158.16,161.03,152.58,160.92,158.93,65354400,Microsoft,22,msft,technologie
2020-03-09,151,157.75,150,150.62,148.76,70419300,Microsoft,22,msft,technologie
2020-03-06,162.61,163.11,156,161.57,159.58,72821100,Microsoft,22,msft,technologie
2020-03-05,166.05,170.87,165.69,166.27,164.22,47817300,Microsoft,22,msft,technologie
2020-03-04,168.49,170.7,165.62,170.55,168.45,49814400,Microsoft,22,msft,technologie
2020-03-03,173.8,175,162.26,164.51,162.48,71677000,Microsoft,22,msft,technologie
2020-03-02,165.31,172.92,162.31,172.79,170.66,71030800,Microsoft,22,msft,technologie
2020-02-28,152.41,163.71,152,162.01,160.01,97012700,Microsoft,22,msft,technologie
2020-02-27,163.32,167.03,157.98,158.18,156.23,93174900,Microsoft,22,msft,technologie
2020-02-26,169.71,173.26,168.21,170.17,168.07,56206100,Microsoft,22,msft,technologie
2020-02-25,174.2,174.84,167.65,168.07,166,68073300,Microsoft,22,msft,technologie
2020-02-24,167.77,174.55,163.23,170.89,168.78,68311100,Microsoft,22,msft,technologie
2020-02-21,183.17,183.5,177.25,178.59,176.39,48572600,Microsoft,22,msft,technologie
2020-02-20,186.95,187.25,181.1,184.42,182.14,36862400,Microsoft,22,msft,technologie
2020-02-19,188.06,188.18,186.47,187.28,184.97,29997500,Microsoft,22,msft,technologie
2020-02-18,185.61,187.7,185.5,187.23,184.42,27792200,Microsoft,22,msft,technologie
2020-03-17,67.51,73.33,62.4,69.84,68.85,17122100,Nike,22,NKE,textile
2020-03-16,65.28,72.97,63.37,66.79,65.85,17976700,Nike,22,NKE,textile
2020-03-13,78.2,78.2,71.76,75.58,74.51,21859600,Nike,22,NKE,textile
2020-03-12,78.23,78.49,73,74.2,73.15,21534800,Nike,22,NKE,textile
2020-03-11,84,84.63,82.07,84,82.82,16172000,Nike,22,NKE,textile
2020-03-10,86.69,88.4,82.88,88.3,87.05,12755900,Nike,22,NKE,textile
2020-03-09,81.89,86.74,80.92,84.11,82.92,13272700,Nike,22,NKE,textile
2020-03-06,88.36,89.39,85.88,88.36,87.11,12336400,Nike,22,NKE,textile
2020-03-05,91.26,91.68,89.94,90.58,89.3,8851100,Nike,22,NKE,textile
2020-03-04,92.08,93.82,90.84,93.79,92.47,6904400,Nike,22,NKE,textile
2020-03-03,92.74,94.98,90.57,90.93,89.65,14767600,Nike,22,NKE,textile
2020-03-02,89.6,93.14,87.91,92.68,91.37,14102000,Nike,22,NKE,textile
2020-02-28,86.03,89.47,85.15,89.38,88.12,16552400,Nike,22,NKE,textile
2020-02-27,90,93.06,88.5,88.55,87.06,12825700,Nike,22,NKE,textile
2020-02-26,93.08,94.65,91.99,92,90.45,9308400,Nike,22,NKE,textile
2020-02-25,96.35,96.76,92.62,92.9,91.34,9602100,Nike,22,NKE,textile
2020-02-24,95.54,97.07,95.25,95.91,94.3,8364200,Nike,22,NKE,textile
2020-02-21,102,102.08,99.63,100.25,98.56,5750900,Nike,22,NKE,textile
2020-02-20,102.46,102.63,100.55,102.53,100.8,6427600,Nike,22,NKE,textile
2020-02-19,102.66,103.39,102.43,102.46,100.74,6200500,Nike,22,NKE,textile
2020-02-18,103,103.38,101.61,102,100.28,4916200,Nike,22,NKE,textile
2020-03-17,39.93,41.15,39.5,41.02,39.62,526400,Nintendo,21,NTDOY,technologie
2020-03-16,37.7,38.87,35.82,37.96,36.66,429000,Nintendo,21,NTDOY,technologie
2020-03-13,39.46,40.19,38.4,39.7,38.34,373900,Nintendo,21,NTDOY,technologie
2020-03-12,39.5,39.85,37.65,38.92,37.59,833500,Nintendo,21,NTDOY,technologie
2020-03-11,42.26,42.5,41.22,41.53,40.11,240100,Nintendo,21,NTDOY,technologie
2020-03-10,43.08,43.58,42.33,43.49,42,400300,Nintendo,21,NTDOY,technologie
2020-03-09,42.2,43.05,41.61,42.4,40.95,451100,Nintendo,21,NTDOY,technologie
2020-03-06,43.02,43.91,43.02,43.88,42.38,193700,Nintendo,21,NTDOY,technologie
2020-03-05,43.12,43.95,43.12,43.76,42.26,413300,Nintendo,21,NTDOY,technologie
2020-03-04,43.16,43.81,43.16,43.79,42.29,239500,Nintendo,21,NTDOY,technologie
2020-03-03,42.61,43.14,42.18,42.54,41.08,207300,Nintendo,21,NTDOY,technologie
2020-03-02,42.01,43.23,42.01,43.23,41.75,451900,Nintendo,21,NTDOY,technologie
2020-02-28,40.76,42.03,40.76,41.98,40.54,777600,Nintendo,21,NTDOY,technologie
2020-02-27,43.1,43.21,42.5,42.54,41.08,340500,Nintendo,21,NTDOY,technologie
2020-02-26,43.57,44.23,43.57,43.85,42.35,240900,Nintendo,21,NTDOY,technologie
2020-02-25,43.82,44.1,43.27,43.39,41.9,471600,Nintendo,21,NTDOY,technologie
2020-02-24,43.05,43.63,43.05,43.17,41.69,243500,Nintendo,21,NTDOY,technologie
2020-02-21,44.15,44.75,44.15,44.35,42.83,167000,Nintendo,21,NTDOY,technologie
2020-02-20,44.52,45.21,44.52,44.83,43.3,174900,Nintendo,21,NTDOY,technologie
2020-02-19,45.3,45.6,45.3,45.45,43.89,397800,Nintendo,21,NTDOY,technologie
2020-02-18,44.96,45.22,44.93,44.99,43.45,382200,Nintendo,21,NTDOY,technologie
2020-03-17,56.59,62.7,54.45,60.68,58,4618100,The north face,22,VFC,textile
2020-03-16,53.77,58.08,51.25,55.72,53.26,4363200,The north face,22,VFC,textile
2020-03-13,58.1,59.63,54.95,59.54,56.91,3136300,The north face,22,VFC,textile
2020-03-12,59,60.02,53.19,55.35,52.9,4128800,The north face,22,VFC,textile
2020-03-11,63.26,64.68,62.18,62.72,59.95,4547900,The north face,22,VFC,textile
2020-03-10,64.52,65.23,60.87,65.16,62.28,3563200,The north face,22,VFC,textile
2020-03-09,65.09,65.45,62.02,62.39,59.63,3356700,The north face,22,VFC,textile
2020-03-06,69.47,71.68,68.68,70.13,66.57,3433000,The north face,22,VFC,textile
2020-03-05,73.07,73.07,70.54,71.57,67.94,3251100,The north face,22,VFC,textile
2020-03-04,72.36,74.4,70.79,74.31,70.54,3392500,The north face,22,VFC,textile
2020-03-03,74.87,76.14,70.8,71.51,67.88,5683200,The north face,22,VFC,textile
2020-03-02,72.5,74.76,70.76,74.65,70.86,5197200,The north face,22,VFC,textile
2020-02-28,71.09,73.11,70,72,68.35,7248400,The north face,22,VFC,textile
2020-02-27,74.91,76.75,73.2,73.2,69.48,4158300,The north face,22,VFC,textile
2020-02-26,77.6,78.83,76.37,76.39,72.51,3554500,The north face,22,VFC,textile
2020-02-25,82.18,82.31,77.04,77.24,73.32,3876200,The north face,22,VFC,textile
2020-02-24,80.75,82.6,80.6,81.83,77.68,2964700,The north face,22,VFC,textile
2020-02-21,83.51,84.11,82.87,83.72,79.47,2529500,The north face,22,VFC,textile
2020-02-20,83.45,84.1,82.6,83.99,79.73,2701300,The north face,22,VFC,textile
2020-02-19,82.98,83.76,82.67,83.4,79.17,2323400,The north face,22,VFC,textile
2020-02-18,83.3,83.77,82.48,82.67,78.47,3911600,The north face,22,VFC,textile
2020-03-17,9.83,10.09,8.59,9.48,9.48,4286400,Abercrombie & fitch,22,ANF,textile
2020-03-16,9.78,10.48,9.22,9.8,9.8,4343800,Abercrombie & fitch,22,ANF,textile
2020-03-13,10.8,11.33,10.32,11.28,11.28,4966000,Abercrombie & fitch,22,ANF,textile
2020-03-12,10.22,11.12,9.98,10.07,10.07,5238800,Abercrombie & fitch,22,ANF,textile
2020-03-11,11.48,11.54,10.76,10.86,10.86,5831000,Abercrombie & fitch,22,ANF,textile
2020-03-10,10.96,11.59,10.61,11.49,11.49,4755800,Abercrombie & fitch,22,ANF,textile
2020-03-09,10.07,11.18,10.01,10.41,10.41,2950500,Abercrombie & fitch,22,ANF,textile
2020-03-06,11.11,11.75,11.02,11.3,11.3,3162600,Abercrombie & fitch,22,ANF,textile
2020-03-05,13.29,13.3,11.6,11.67,11.67,6842600,Abercrombie & fitch,22,ANF,textile
2020-03-04,13.43,14.02,12.95,13.83,13.63,4906800,Abercrombie & fitch,22,ANF,textile
2020-03-03,12.99,13.65,12.53,12.69,12.51,4786400,Abercrombie & fitch,22,ANF,textile
2020-03-02,13.26,13.35,12.55,12.91,12.72,2289900,Abercrombie & fitch,22,ANF,textile
2020-02-28,12.72,13.3,12.67,13.13,12.94,3718300,Abercrombie & fitch,22,ANF,textile
2020-02-27,13.26,13.83,12.79,13.18,12.99,5398100,Abercrombie & fitch,22,ANF,textile
2020-02-26,14.7,14.8,13.62,13.7,13.5,3268300,Abercrombie & fitch,22,ANF,textile
2020-02-25,15.52,15.65,14.14,14.49,14.28,3114200,Abercrombie & fitch,22,ANF,textile
2020-02-24,15.85,15.87,15.32,15.38,15.16,2554800,Abercrombie & fitch,22,ANF,textile
2020-02-21,17.05,17.05,16.31,16.4,16.16,1882400,Abercrombie & fitch,22,ANF,textile
2020-02-20,16.9,17.56,16.77,17.05,16.8,1815400,Abercrombie & fitch,22,ANF,textile
2020-02-19,16.72,16.92,16.52,16.85,16.61,1277300,Abercrombie & fitch,22,ANF,textile
2020-02-18,17.25,17.37,16.55,16.88,16.64,1689700,Abercrombie & fitch,22,ANF,textile
2020-03-17,13.05,13.8,13,13.45,11.6,21863096,Acer,20,2353.TW,technologie
2020-03-16,13.9,14.1,13.25,13.5,11.64,17253703,Acer,20,2353.TW,technologie
2020-03-13,13.2,14.15,12.95,13.8,11.9,33563014,Acer,20,2353.TW,technologie
2020-03-12,15,15,14.1,14.35,12.37,21270904,Acer,20,2353.TW,technologie
2020-03-11,15.65,15.75,15.15,15.2,13.11,8310344,Acer,20,2353.TW,technologie
2020-03-10,15.2,15.75,15.2,15.65,13.49,12214540,Acer,20,2353.TW,technologie
2020-03-09,15.95,16,15.5,15.55,13.41,16003417,Acer,20,2353.TW,technologie
2020-03-06,16.35,16.4,16.15,16.2,13.97,7218698,Acer,20,2353.TW,technologie
2020-03-05,16.5,16.6,16.4,16.5,14.23,4987226,Acer,20,2353.TW,technologie
2020-03-04,16.2,16.4,16.2,16.35,14.1,5236510,Acer,20,2353.TW,technologie
2020-03-03,16.6,16.6,16.2,16.2,13.97,6956741,Acer,20,2353.TW,technologie
2020-03-02,15.95,16.5,15.8,16.15,13.92,10873664,Acer,20,2353.TW,technologie
2020-02-27,16.7,16.75,16.35,16.35,14.1,12464555,Acer,20,2353.TW,technologie
2020-02-26,16.7,16.85,16.6,16.75,14.44,9160489,Acer,20,2353.TW,technologie
2020-02-25,16.75,17.05,16.75,16.85,14.53,4770783,Acer,20,2353.TW,technologie
2020-02-24,17,17.15,16.85,16.95,14.61,7057060,Acer,20,2353.TW,technologie
2020-02-21,17.2,17.35,17.05,17.2,14.83,6663082,Acer,20,2353.TW,technologie
2020-02-20,17.4,17.45,17,17.1,14.74,6668000,Acer,20,2353.TW,technologie
2020-02-19,16.75,17.4,16.75,17.25,14.87,12623328,Acer,20,2353.TW,technologie
2020-02-18,16.75,16.9,16.6,16.65,14.36,5315324,Acer,20,2353.TW,technologie
2020-03-17,95.21,97,94.08,95.2,94.2,185400,Adidas,21,ADDYY,textile
2020-03-16,93.56,101.63,93.17,94.42,93.42,442900,Adidas,21,ADDYY,textile
2020-03-13,102.19,102.19,93.89,97.3,96.27,422000,Adidas,21,ADDYY,textile
2020-03-12,101.89,101.96,91,95.95,94.94,418600,Adidas,21,ADDYY,textile
2020-03-11,115.75,115.75,110.59,111.96,110.78,272500,Adidas,21,ADDYY,textile
2020-03-10,130.67,130.83,124.82,129.54,128.17,61600,Adidas,21,ADDYY,textile
2020-03-09,130.39,131.29,127.48,127.48,126.14,69400,Adidas,21,ADDYY,textile
2020-03-06,135.63,137.14,134.84,136.25,134.81,325900,Adidas,21,ADDYY,textile
2020-03-05,138.96,140.11,137.41,138.24,136.78,111600,Adidas,21,ADDYY,textile
2020-03-04,140.38,142.55,138.91,142.55,141.05,110200,Adidas,21,ADDYY,textile
2020-03-03,141.17,142.91,137.51,138.77,137.31,151100,Adidas,21,ADDYY,textile
2020-03-02,138.48,138.77,135.82,137.49,136.04,360000,Adidas,21,ADDYY,textile
2020-02-28,135.43,139.16,134,139.16,137.69,293400,Adidas,21,ADDYY,textile
2020-02-27,141.26,142.79,139.47,139.6,138.13,89400,Adidas,21,ADDYY,textile
2020-02-26,143.77,144.81,140.64,141.55,140.06,51300,Adidas,21,ADDYY,textile
2020-02-25,146.75,147,142.13,142.2,140.7,67400,Adidas,21,ADDYY,textile
2020-02-24,144.04,145.25,142.87,142.9,141.39,51800,Adidas,21,ADDYY,textile
2020-02-21,154.35,154.77,152.42,153.1,151.49,30300,Adidas,21,ADDYY,textile
2020-02-20,155.61,156.37,153.65,154.94,153.31,27200,Adidas,21,ADDYY,textile
2020-02-19,157.18,158.33,157.18,158.03,156.36,34900,Adidas,21,ADDYY,textile
2020-02-18,154.05,154.81,153.94,154.15,152.52,42200,Adidas,21,ADDYY,textile
2020-03-17,34.39,35.24,31.15,32.89,32.65,1768504,Alstom,21,ALO.PA,technologie
2020-03-16,33.38,34.15,31.04,33.38,33.14,1544122,Alstom,21,ALO.PA,technologie
2020-03-13,36.21,37.43,34.99,35.66,35.41,1661854,Alstom,21,ALO.PA,technologie
2020-03-12,36.03,37.3,34.89,35.33,35.08,1714306,Alstom,21,ALO.PA,technologie
2020-03-11,40.14,40.65,38.47,38.58,38.31,1352110,Alstom,21,ALO.PA,technologie
2020-03-10,39.75,41.97,39.52,39.71,39.42,1921947,Alstom,21,ALO.PA,technologie
2020-03-09,38.03,40.47,37.65,39.61,39.33,1930256,Alstom,21,ALO.PA,technologie
2020-03-06,41.36,41.65,39.96,41.07,40.77,1275700,Alstom,21,ALO.PA,technologie
2020-03-05,42.89,43.19,42.05,42.37,42.06,1100181,Alstom,21,ALO.PA,technologie
2020-03-04,42.7,43.29,42.45,42.59,42.28,1108359,Alstom,21,ALO.PA,technologie
2020-03-03,42.78,43.33,42.19,42.64,42.33,1255466,Alstom,21,ALO.PA,technologie
2020-03-02,41.36,42.74,41,41.95,41.65,1224559,Alstom,21,ALO.PA,technologie
2020-02-28,41.27,41.63,40.56,41.25,40.96,1754528,Alstom,21,ALO.PA,technologie
2020-02-27,42.66,43.01,42.11,42.46,42.16,1208021,Alstom,21,ALO.PA,technologie
2020-02-26,42.12,43.05,41.01,42.93,42.62,1596889,Alstom,21,ALO.PA,technologie
2020-02-25,43.02,43.24,42.11,42.33,42.03,1488197,Alstom,21,ALO.PA,technologie
2020-02-24,43.38,43.62,42.02,42.4,42.1,1729077,Alstom,21,ALO.PA,technologie
2020-02-21,43.31,44.31,43.12,43.8,43.49,1212013,Alstom,21,ALO.PA,technologie
2020-02-20,44.08,44.29,43.12,43.26,42.95,1475658,Alstom,21,ALO.PA,technologie
2020-02-19,45.18,46.03,43.92,44.08,43.77,1278429,Alstom,21,ALO.PA,technologie
2020-02-18,45.68,46.05,43.63,45.16,44.83,2205841,Alstom,21,ALO.PA,technologie
2020-03-17,1775.47,1857.78,1689.24,1807.84,1807.84,10917100,Amazon,21,AMZN,technologie
2020-03-16,1641.51,1759.45,1626.03,1689.15,1689.15,8917300,Amazon,21,AMZN,technologie
2020-03-13,1755,1786.31,1680.62,1785,1785,8809700,Amazon,21,AMZN,technologie
2020-03-12,1721.98,1765,1675,1676.61,1676.61,11346200,Amazon,21,AMZN,technologie
2020-03-11,1857.85,1871.32,1801.5,1820.86,1820.86,5624800,Amazon,21,AMZN,technologie
2020-03-10,1870.88,1894.27,1818.17,1891.82,1891.82,7133300,Amazon,21,AMZN,technologie
2020-03-09,1773.86,1862.77,1761.29,1800.61,1800.61,7813200,Amazon,21,AMZN,technologie
2020-03-06,1875,1910.87,1869.5,1901.09,1901.09,5273600,Amazon,21,AMZN,technologie
2020-03-05,1933,1960.72,1910,1924.03,1924.03,4748200,Amazon,21,AMZN,technologie
2020-03-04,1946.57,1978,1922,1975.83,1975.83,4772900,Amazon,21,AMZN,technologie
2020-03-03,1975.37,1996.33,1888.09,1908.99,1908.99,7534500,Amazon,21,AMZN,technologie
2020-03-02,1906.49,1954.51,1870,1953.95,1953.95,6761700,Amazon,21,AMZN,technologie
2020-02-28,1814.63,1889.76,1811.13,1883.75,1883.75,9481000,Amazon,21,AMZN,technologie
2020-02-27,1934.38,1975,1882.76,1884.3,1884.3,8144000,Amazon,21,AMZN,technologie
2020-02-26,1970.28,2014.67,1960.45,1979.59,1979.59,5224600,Amazon,21,AMZN,technologie
2020-02-25,2026.42,2034.6,1958.42,1972.74,1972.74,6219100,Amazon,21,AMZN,technologie
2020-02-24,2003.18,2039.3,1987.97,2009.29,2009.29,6547000,Amazon,21,AMZN,technologie
2020-02-21,2142.15,2144.55,2088,2095.97,2095.97,4646300,Amazon,21,AMZN,technologie
2020-02-20,2173.07,2176.79,2127.45,2153.1,2153.1,3131300,Amazon,21,AMZN,technologie
2020-02-19,2167.8,2185.1,2161.12,2170.22,2170.22,2561200,Amazon,21,AMZN,technologie
2020-02-18,2125.02,2166.07,2124.11,2155.67,2155.67,2945600,Amazon,21,AMZN,technologie
2020-03-17,61.88,64.4,59.6,63.22,62.62,324056000,Apple,21,AAPL,technologie
2020-03-16,60.49,64.77,60,60.55,59.98,322423600,Apple,21,AAPL,technologie
2020-03-13,66.22,69.98,63.24,69.49,68.84,370732000,Apple,21,AAPL,technologie
2020-03-12,63.99,67.5,62,62.06,61.48,418474000,Apple,21,AAPL,technologie
2020-03-11,69.35,70.31,67.96,68.86,68.21,255598800,Apple,21,AAPL,technologie
2020-03-10,69.29,71.61,67.34,71.33,70.67,285290000,Apple,21,AAPL,technologie
2020-03-09,65.94,69.52,65.75,66.54,65.92,286744800,Apple,21,AAPL,technologie
2020-03-06,70.5,72.71,70.31,72.26,71.58,226176800,Apple,21,AAPL,technologie
2020-03-05,73.88,74.89,72.85,73.23,72.54,187572800,Apple,21,AAPL,technologie
2020-03-04,74.11,75.85,73.28,75.68,74.98,219178400,Apple,21,AAPL,technologie
2020-03-03,75.92,76,71.45,72.33,71.65,319475600,Apple,21,AAPL,technologie
2020-03-02,70.57,75.36,69.43,74.7,74,341397200,Apple,21,AAPL,technologie
2020-02-28,64.32,69.6,64.09,68.34,67.7,426510000,Apple,21,AAPL,technologie
2020-02-27,70.28,71.5,68.24,68.38,67.74,320605600,Apple,21,AAPL,technologie
2020-02-26,71.63,74.47,71.63,73.16,72.48,198054800,Apple,21,AAPL,technologie
2020-02-25,75.24,75.63,71.53,72.02,71.34,230673600,Apple,21,AAPL,technologie
2020-02-24,74.32,76.04,72.31,74.54,73.85,222195200,Apple,21,AAPL,technologie
2020-02-21,79.65,80.11,77.63,78.26,77.53,129554000,Apple,21,AAPL,technologie
2020-02-20,80.66,81.16,79.55,80.07,79.32,100566000,Apple,21,AAPL,technologie
2020-02-19,80,81.14,80,80.9,80.15,93984000,Apple,21,AAPL,technologie
2020-02-18,78.84,79.94,78.65,79.75,79,152531200,Apple,21,AAPL,technologie
2020-03-17,182,187,181.5,185,161.57,3585725,Asus,20,2357.TW,technologie
2020-03-16,184.5,191,182.5,185,161.57,3407192,Asus,20,2357.TW,technologie
2020-03-13,188,193,182,190,165.93,5474019,Asus,20,2357.TW,technologie
2020-03-12,197,198,193,197,172.05,3716542,Asus,20,2357.TW,technologie
2020-03-11,199,200,197,197.5,172.48,2898452,Asus,20,2357.TW,technologie
2020-03-10,197.5,202,196.5,200,174.67,3393156,Asus,20,2357.TW,technologie
2020-03-09,200,201,198,199.5,174.23,2922395,Asus,20,2357.TW,technologie
2020-03-06,203,204,201,202,176.41,1804621,Asus,20,2357.TW,technologie
2020-03-05,205,206.5,203,203,177.29,1613731,Asus,20,2357.TW,technologie
2020-03-04,202,207,202,204,178.16,1496202,Asus,20,2357.TW,technologie
2020-03-03,204,205,202.5,203,177.29,1274425,Asus,20,2357.TW,technologie
2020-03-02,201.5,203.5,201.5,202,176.41,2914600,Asus,20,2357.TW,technologie
2020-02-27,208.5,209,206,206,179.91,2067019,Asus,20,2357.TW,technologie
2020-02-26,208.5,211.5,208.5,209.5,182.96,1552353,Asus,20,2357.TW,technologie
2020-02-25,210,212.5,210,211,184.27,1013388,Asus,20,2357.TW,technologie
2020-02-24,212,213.5,211,213,186.02,1272784,Asus,20,2357.TW,technologie
2020-02-21,215,215.5,213.5,214.5,187.33,1079999,Asus,20,2357.TW,technologie
2020-02-20,218.5,218.5,215.5,216,188.64,826472,Asus,20,2357.TW,technologie
2020-02-19,215,220,215,217,189.51,775098,Asus,20,2357.TW,technologie
2020-02-18,215.5,215.5,211,215.5,188.2,1180877,Asus,20,2357.TW,technologie
2020-03-17,41.6,42.13,37.88,40.35,36.49,3975016,Bmw,21,BMW.DE,automobile
2020-03-16,42.42,43.05,39.33,40.09,36.25,6612181,Bmw,21,BMW.DE,automobile
2020-03-13,45.9,49.28,44.06,45.42,41.06,6324387,Bmw,21,BMW.DE,automobile
2020-03-12,47.36,48.3,43.3,44.08,39.85,6712618,Bmw,21,BMW.DE,automobile
2020-03-11,51.18,53.05,50.26,50.65,45.79,3245931,Bmw,21,BMW.DE,automobile
2020-03-10,51.51,54.15,50.07,50.33,45.5,4299614,Bmw,21,BMW.DE,automobile
2020-03-09,54,54.36,51,51.02,46.13,5395201,Bmw,21,BMW.DE,automobile
2020-03-06,56.73,57.78,56.07,57.22,51.73,3189387,Bmw,21,BMW.DE,automobile
2020-03-05,58.82,58.91,57.5,58.07,52.5,2447364,Bmw,21,BMW.DE,automobile
2020-03-04,57.96,59.05,57.46,58.57,52.95,2320426,Bmw,21,BMW.DE,automobile
2020-03-03,58.5,59.29,57.4,57.76,52.22,4135929,Bmw,21,BMW.DE,automobile
2020-03-02,59.4,59.6,56.99,58,52.44,3315364,Bmw,21,BMW.DE,automobile
2020-02-28,57.74,58.93,57.16,58.93,53.28,5834942,Bmw,21,BMW.DE,automobile
2020-02-27,60.47,60.9,59.06,59.84,54.1,3225348,Bmw,21,BMW.DE,automobile
2020-02-26,60.76,62.24,59.93,61.78,55.86,3322283,Bmw,21,BMW.DE,automobile
2020-02-25,61.99,62.32,60.59,61.03,55.18,2409281,Bmw,21,BMW.DE,automobile
2020-02-24,63,63.1,60.61,61.44,55.55,3729450,Bmw,21,BMW.DE,automobile
2020-02-21,65.06,65.5,64.08,64.51,58.32,2005662,Bmw,21,BMW.DE,automobile
2020-02-20,65.5,66.43,65.02,65.31,59.05,1793835,Bmw,21,BMW.DE,automobile
2020-02-19,65.67,65.97,64.51,65.45,59.17,1326708,Bmw,21,BMW.DE,automobile
2020-02-18,65.85,66.17,65.2,65.2,58.95,1359236,Bmw,21,BMW.DE,automobile
2020-03-17,0.44,0.49,0.39,0.41,0.41,576900,Bombardier,21,BDRBF,technologie
2020-03-16,0.6,0.6,0.43,0.43,0.43,871600,Bombardier,21,BDRBF,technologie
2020-03-13,0.47,0.57,0.47,0.57,0.57,823700,Bombardier,21,BDRBF,technologie
2020-03-12,0.6,0.6,0.46,0.46,0.46,784300,Bombardier,21,BDRBF,technologie
2020-03-11,0.62,0.65,0.58,0.6,0.6,409900,Bombardier,21,BDRBF,technologie
2020-03-10,0.63,0.69,0.61,0.62,0.62,194700,Bombardier,21,BDRBF,technologie
2020-03-09,0.61,0.65,0.59,0.64,0.64,682100,Bombardier,21,BDRBF,technologie
2020-03-06,0.71,0.71,0.66,0.68,0.68,483800,Bombardier,21,BDRBF,technologie
2020-03-05,0.76,0.76,0.7,0.7,0.7,285700,Bombardier,21,BDRBF,technologie
2020-03-04,0.8,0.8,0.75,0.76,0.76,406000,Bombardier,21,BDRBF,technologie
2020-03-03,0.85,0.85,0.75,0.76,0.76,295600,Bombardier,21,BDRBF,technologie
2020-03-02,0.78,0.81,0.73,0.8,0.8,608800,Bombardier,21,BDRBF,technologie
2020-02-28,0.8,0.81,0.71,0.72,0.72,949100,Bombardier,21,BDRBF,technologie
2020-02-27,0.9,0.9,0.8,0.85,0.85,639100,Bombardier,21,BDRBF,technologie
2020-02-26,0.92,0.92,0.89,0.9,0.9,320600,Bombardier,21,BDRBF,technologie
2020-02-25,0.89,0.98,0.89,0.9,0.9,418800,Bombardier,21,BDRBF,technologie
2020-02-24,0.95,0.95,0.86,0.92,0.92,1053400,Bombardier,21,BDRBF,technologie
2020-02-21,1.05,1.07,0.94,0.95,0.95,655300,Bombardier,21,BDRBF,technologie
2020-02-20,1.08,1.11,1.05,1.05,1.05,271000,Bombardier,21,BDRBF,technologie
2020-02-19,1.12,1.18,1.09,1.1,1.1,264000,Bombardier,21,BDRBF,technologie
2020-02-18,1.4,1.4,1.07,1.12,1.12,1204000,Bombardier,21,BDRBF,technologie
2020-03-17,11085.1,11390.15,10310,10469.75,10145.79,22858,Bosch,19,BOSCHLTD.NS,technologie
2020-03-16,11279.8,11440,11005.2,11069.6,10727.08,24474,Bosch,19,BOSCHLTD.NS,technologie
2020-03-13,10601,11871.15,9700,11508.15,11152.06,37443,Bosch,19,BOSCHLTD.NS,technologie
2020-03-12,12199,12485.05,11220.05,11309.5,10959.56,56598,Bosch,19,BOSCHLTD.NS,technologie
2020-03-11,12199.95,12518.65,12011.7,12408.35,12024.4,29903,Bosch,19,BOSCHLTD.NS,technologie
2020-03-09,12750.05,12809.6,12103,12201.65,11824.1,28079,Bosch,19,BOSCHLTD.NS,technologie
2020-03-06,12750,13068.9,12352,12979.4,12577.79,27391,Bosch,19,BOSCHLTD.NS,technologie
2020-03-05,13401.05,13609.25,13050,13126.25,12720.09,21125,Bosch,19,BOSCHLTD.NS,technologie
2020-03-04,13237.5,13690,12912.35,13470.9,13054.08,39121,Bosch,19,BOSCHLTD.NS,technologie
2020-03-03,12620,13292.35,12620,13155.6,12748.53,37746,Bosch,19,BOSCHLTD.NS,technologie
2020-03-02,12370.6,12797.95,12309.7,12448.9,12063.7,34896,Bosch,19,BOSCHLTD.NS,technologie
2020-02-28,12774,12863.1,12010,12128.45,11753.17,35280,Bosch,19,BOSCHLTD.NS,technologie
2020-02-27,13280,13289,12818,13169.1,12761.62,23014,Bosch,19,BOSCHLTD.NS,technologie
2020-02-26,13750,13834.75,13222.05,13290.65,12879.4,14261,Bosch,19,BOSCHLTD.NS,technologie
2020-02-25,14100,14100,13770.05,13796.85,13369.94,8883,Bosch,19,BOSCHLTD.NS,technologie
2020-02-24,14434.6,14540.5,14001,14059.45,13624.42,11390,Bosch,19,BOSCHLTD.NS,technologie
2020-02-20,14512.05,14649.8,14431.2,14552.95,14102.65,13302,Bosch,19,BOSCHLTD.NS,technologie
2020-02-19,14680,14777.65,14400,14621.75,14169.32,10379,Bosch,19,BOSCHLTD.NS,technologie
2020-02-18,14870.6,14899,14435,14552.9,14102.6,20019,Bosch,19,BOSCHLTD.NS,technologie
2020-03-17,4.77,6.81,4.73,4.96,4.89,540300,Byd,21,BYDDF,technologie
2020-03-16,4.93,5.02,4.7,4.89,4.82,345400,Byd,21,BYDDF,technologie
2020-03-13,5.24,5.52,5.17,5.42,5.34,185300,Byd,21,BYDDF,technologie
2020-03-12,5.22,5.44,4.9,5,4.93,509500,Byd,21,BYDDF,technologie
2020-03-11,5.73,5.76,5.43,5.58,5.5,327200,Byd,21,BYDDF,technologie
2020-03-10,5.5,5.96,5.44,5.76,5.68,184000,Byd,21,BYDDF,technologie
2020-03-09,5.63,5.7,5.53,5.55,5.47,215100,Byd,21,BYDDF,technologie
2020-03-06,6.15,6.15,5.91,6.02,5.93,235400,Byd,21,BYDDF,technologie
2020-03-05,6.25,6.28,6.21,6.21,6.12,269200,Byd,21,BYDDF,technologie
2020-03-04,6.38,6.41,6.25,6.34,6.25,32800,Byd,21,BYDDF,technologie
2020-03-03,6.48,6.48,6.26,6.41,6.32,184300,Byd,21,BYDDF,technologie
2020-03-02,6.24,6.25,6.14,6.25,6.16,232500,Byd,21,BYDDF,technologie
2020-02-28,5.92,6.25,5.81,6.11,6.02,303600,Byd,21,BYDDF,technologie
2020-02-27,6.48,6.48,6.21,6.32,6.23,453600,Byd,21,BYDDF,technologie
2020-02-26,6.5,6.69,6.41,6.63,6.54,172400,Byd,21,BYDDF,technologie
2020-02-25,7,7,6.35,6.44,6.35,378000,Byd,21,BYDDF,technologie
2020-02-24,6.31,6.31,5.88,6.14,6.05,653500,Byd,21,BYDDF,technologie
2020-02-21,6.75,6.93,6.71,6.72,6.62,327500,Byd,21,BYDDF,technologie
2020-02-20,6.76,6.81,6.63,6.73,6.63,602600,Byd,21,BYDDF,technologie
2020-02-19,6.11,6.2,5.9,6.19,6.1,2732700,Byd,21,BYDDF,technologie
2020-02-18,5.57,6.13,5.54,5.87,5.79,328000,Byd,21,BYDDF,technologie
2020-03-17,41.32,43.85,36.28,37.43,37.38,2230500,Calvin klein,21,PVH,textile
2020-03-16,43.69,45.46,40.31,40.75,40.69,1442200,Calvin klein,21,PVH,textile
2020-03-13,46.92,50.34,42.77,50.34,50.27,1918500,Calvin klein,21,PVH,textile
2020-03-12,53.04,53.04,44.02,44.25,44.19,2822900,Calvin klein,21,PVH,textile
2020-03-11,61.69,61.71,56.35,56.63,56.55,1393100,Calvin klein,21,PVH,textile
2020-03-10,63.86,65.28,60.92,63.59,63.5,1319100,Calvin klein,21,PVH,textile
2020-03-09,63.86,64.6,60.35,61.5,61.41,1518800,Calvin klein,21,PVH,textile
2020-03-06,68,70.57,67.32,69.18,69.08,1371500,Calvin klein,21,PVH,textile
2020-03-05,71.26,71.98,68.96,69.84,69.74,1307600,Calvin klein,21,PVH,textile
2020-03-04,72.59,73.88,71.32,73.79,73.68,1045600,Calvin klein,21,PVH,textile
2020-03-03,74.22,76.5,70.68,71.93,71.83,1167300,Calvin klein,21,PVH,textile
2020-03-02,74.8,75.04,71.93,74.59,74.48,1294300,Calvin klein,21,PVH,textile
2020-02-28,70.3,74.8,70.3,74.11,74,1834300,Calvin klein,21,PVH,textile
2020-02-27,72.04,76.52,70.1,73.06,72.95,1697800,Calvin klein,21,PVH,textile
2020-02-26,77.46,78.26,73.35,74.04,73.93,1389000,Calvin klein,21,PVH,textile
2020-02-25,81.89,82.03,76.46,76.96,76.85,1255600,Calvin klein,21,PVH,textile
2020-02-24,80.4,82.4,79.51,81.23,81.11,1162600,Calvin klein,21,PVH,textile
2020-02-21,85.9,86.08,84.07,84.67,84.55,798000,Calvin klein,21,PVH,textile
2020-02-20,86.01,88.11,86.01,86.88,86.75,812500,Calvin klein,21,PVH,textile
2020-02-19,86.42,86.93,85.86,86.13,86,947100,Calvin klein,21,PVH,textile
2020-02-18,88.05,89.1,85.72,86.35,86.22,1154800,Calvin klein,21,PVH,textile
2020-03-17,65.41,75.79,63.52,75.26,74.26,996000,Carter’s,22,CRI,textile
2020-03-16,64.2,69.88,63.17,64.12,63.26,1000500,Carter’s,22,CRI,textile
2020-03-13,76.75,77.09,73.04,75.53,74.52,1123900,Carter’s,22,CRI,textile
2020-03-12,75.23,77.18,73.1,73.5,72.52,948300,Carter’s,22,CRI,textile
2020-03-11,80.44,81.65,78.13,79.86,78.79,930200,Carter’s,22,CRI,textile
2020-03-10,84.76,85.35,78.13,82.43,81.33,1058000,Carter’s,22,CRI,textile
2020-03-09,81.52,83.04,79.5,81.42,80.33,1077800,Carter’s,22,CRI,textile
2020-03-06,85.02,87.41,84.53,86.83,85.67,993100,Carter’s,22,CRI,textile
2020-03-05,89.52,89.88,85.65,87.5,86.33,838100,Carter’s,22,CRI,textile
2020-03-04,93.06,93.32,90.89,92.84,91.01,566700,Carter’s,22,CRI,textile
2020-03-03,95.33,97.13,90.67,91.38,89.58,761500,Carter’s,22,CRI,textile
2020-03-02,91.61,95.28,89.82,95.01,93.14,866700,Carter’s,22,CRI,textile
2020-02-28,88.49,92.44,88.49,91.47,89.67,1053200,Carter’s,22,CRI,textile
2020-02-27,88.47,93.33,86.53,91.7,89.89,1272600,Carter’s,22,CRI,textile
2020-02-26,92.96,93.76,90.42,90.47,88.69,998400,Carter’s,22,CRI,textile
2020-02-25,96.98,97.14,90.85,91.72,89.91,1177100,Carter’s,22,CRI,textile
2020-02-24,96,98.14,91.89,96.64,94.73,2421100,Carter’s,22,CRI,textile
2020-02-21,110.87,111.84,109.6,110.73,108.55,1001900,Carter’s,22,CRI,textile
2020-02-20,110.43,112.33,109.71,111.35,109.15,561300,Carter’s,22,CRI,textile
2020-02-19,110.6,110.93,110.05,110.73,108.55,441900,Carter’s,22,CRI,textile
2020-02-18,109.86,110.9,109.27,110.25,108.08,418200,Carter’s,22,CRI,textile
2020-03-17,7.66,7.77,6.96,7.31,7.23,68784147,Changan automobile,21,000625.SZ,automobile
2020-03-16,8.47,8.47,7.57,7.59,7.5,72707650,Changan automobile,21,000625.SZ,automobile
2020-03-13,7.64,8.54,7.54,8.36,8.26,95480394,Changan automobile,21,000625.SZ,automobile
2020-03-12,7.84,8.14,7.76,8.06,7.96,58381423,Changan automobile,21,000625.SZ,automobile
2020-03-11,8.05,8.31,7.92,7.96,7.87,51619272,Changan automobile,21,000625.SZ,automobile
2020-03-10,7.6,8.1,7.57,8.04,7.95,60096521,Changan automobile,21,000625.SZ,automobile
2020-03-09,8.01,8.11,7.62,7.64,7.55,49672547,Changan automobile,21,000625.SZ,automobile
2020-03-06,8.19,8.29,7.97,8.19,8.1,44978950,Changan automobile,21,000625.SZ,automobile
2020-03-05,8,8.33,7.88,8.19,8.09,80294274,Changan automobile,21,000625.SZ,automobile
2020-03-04,7.5,7.99,7.44,7.99,7.89,71216891,Changan automobile,21,000625.SZ,automobile
2020-03-03,7.85,8.02,7.51,7.58,7.49,54182567,Changan automobile,21,000625.SZ,automobile
2020-03-02,7.36,7.92,7.26,7.71,7.62,93094337,Changan automobile,21,000625.SZ,automobile
2020-02-28,7.43,7.62,7.16,7.26,7.18,87523669,Changan automobile,21,000625.SZ,automobile
2020-02-27,7.78,7.96,7.56,7.7,7.61,72157822,Changan automobile,21,000625.SZ,automobile
2020-02-26,8.13,8.29,7.76,7.79,7.69,73654259,Changan automobile,21,000625.SZ,automobile
2020-02-25,7.99,8.43,7.81,8.29,8.19,97985528,Changan automobile,21,000625.SZ,automobile
2020-02-24,7.96,8.29,7.93,8.14,8.05,66294389,Changan automobile,21,000625.SZ,automobile
2020-02-21,7.95,8.19,7.86,8.09,7.99,70361387,Changan automobile,21,000625.SZ,automobile
2020-02-20,7.61,7.92,7.58,7.76,7.67,44553033,Changan automobile,21,000625.SZ,automobile
2020-02-19,7.64,7.91,7.59,7.61,7.52,62878079,Changan automobile,21,000625.SZ,automobile
2020-02-18,7.56,7.75,7.39,7.67,7.58,79839324,Changan automobile,21,000625.SZ,automobile
2020-03-17,34.7,36.25,33.6,35.5,33.81,41572400,Cisco,21,CSCO,technologie
2020-03-16,33.23,36.99,32.4,33.71,32.11,44211300,Cisco,21,CSCO,technologie
2020-03-13,35.18,37.68,33.33,37.64,35.85,53859600,Cisco,21,CSCO,technologie
2020-03-12,34.5,35.82,33,33.2,31.62,51855300,Cisco,21,CSCO,technologie
2020-03-11,39.02,39.16,36.37,37.05,35.29,63594300,Cisco,21,CSCO,technologie
2020-03-10,39.25,40.15,37.87,40.08,38.18,50536500,Cisco,21,CSCO,technologie
2020-03-09,36.9,39.56,36.29,37.96,36.16,61535300,Cisco,21,CSCO,technologie
2020-03-06,38,39.95,37.8,39.68,37.8,48605600,Cisco,21,CSCO,technologie
2020-03-05,40.17,40.51,39.29,39.57,37.69,30255900,Cisco,21,CSCO,technologie
2020-03-04,40.72,41.45,39.8,41.39,39.43,30022100,Cisco,21,CSCO,technologie
2020-03-03,41.26,41.9,39.71,40.04,38.14,49294700,Cisco,21,CSCO,technologie
2020-03-02,40.15,41.19,38.92,41.17,39.22,48864300,Cisco,21,CSCO,technologie
2020-02-28,38.7,40.55,38.35,39.93,38.03,80188000,Cisco,21,CSCO,technologie
2020-02-27,41.28,42.1,40.01,40.04,38.14,51442900,Cisco,21,CSCO,technologie
2020-02-26,42.97,43.38,41.94,42.16,40.16,38513200,Cisco,21,CSCO,technologie
2020-02-25,44.05,44.21,42.07,42.74,40.71,48024700,Cisco,21,CSCO,technologie
2020-02-24,45,45.68,44,44,41.91,35295900,Cisco,21,CSCO,technologie
2020-02-21,46.73,46.85,46.05,46.3,44.1,20028700,Cisco,21,CSCO,technologie
2020-02-20,46.09,46.96,45.9,46.85,44.63,20416700,Cisco,21,CSCO,technologie
2020-02-19,46.69,46.81,45.9,46.29,44.09,27626400,Cisco,21,CSCO,technologie
2020-02-18,46.82,46.85,46.29,46.59,44.38,18546300,Cisco,21,CSCO,technologie
2020-03-17,22.33,24.18,22.33,24.1,22.75,49500,Tdk,21,TTDKY,technologie
2020-03-16,24.79,24.79,22.08,24.68,23.29,27900,Tdk,21,TTDKY,technologie
2020-03-13,26.87,26.92,24.99,26.47,24.98,64500,Tdk,21,TTDKY,technologie
2020-03-12,26.48,27.16,25,25.66,24.22,31500,Tdk,21,TTDKY,technologie
2020-03-11,29.33,29.99,29.11,29.39,27.75,16500,Tdk,21,TTDKY,technologie
2020-03-10,31.95,31.95,29.56,30.73,29,26400,Tdk,21,TTDKY,technologie
2020-03-09,30.33,30.56,29.08,29.63,27.97,37500,Tdk,21,TTDKY,technologie
2020-03-06,31.79,31.79,31.23,31.37,29.61,16500,Tdk,21,TTDKY,technologie
2020-03-05,32.15,32.83,32.08,32.08,30.28,389700,Tdk,21,TTDKY,technologie
2020-03-04,33.11,33.65,33.11,33.58,31.69,21600,Tdk,21,TTDKY,technologie
2020-03-03,32.79,33.05,31.84,32.53,30.71,26700,Tdk,21,TTDKY,technologie
2020-03-02,31.68,32.64,31.58,32.64,30.81,62700,Tdk,21,TTDKY,technologie
2020-02-28,31.55,31.7,30.74,31.7,29.92,28500,Tdk,21,TTDKY,technologie
2020-02-27,32.19,32.93,31.98,31.98,30.19,18900,Tdk,21,TTDKY,technologie
2020-02-26,33,33.34,32.83,33.01,31.16,30000,Tdk,21,TTDKY,technologie
2020-02-25,32.28,33.22,32.25,32.98,31.13,40500,Tdk,21,TTDKY,technologie
2020-02-24,32.05,32.05,31.58,31.82,30.04,32700,Tdk,21,TTDKY,technologie
2020-02-21,34.06,34.06,33.3,33.58,31.7,16500,Tdk,21,TTDKY,technologie
2020-02-20,34.33,34.42,33.93,34.16,32.24,17700,Tdk,21,TTDKY,technologie
2020-02-19,33.82,34.67,33.82,34.57,32.63,15900,Tdk,21,TTDKY,technologie
2020-02-18,34.32,34.32,33.64,33.82,31.93,18000,Tdk,21,TTDKY,technologie
2020-03-17,4.09,4.19,4.02,4.05,3.865,36967962,Crrc,21,1766.HK,automobile
2020-03-16,4.33,4.42,4.14,4.17,3.98,19833503,Crrc,21,1766.HK,automobile
2020-03-13,4.15,4.36,4.05,4.31,4.114,42385961,Crrc,21,1766.HK,automobile
2020-03-12,4.6,4.6,4.38,4.4,4.199,23610901,Crrc,21,1766.HK,automobile
2020-03-11,4.69,4.79,4.61,4.62,4.409,26516451,Crrc,21,1766.HK,automobile
2020-03-10,4.72,4.8,4.63,4.65,4.438,35521673,Crrc,21,1766.HK,automobile
2020-03-09,4.92,4.99,4.72,4.74,4.524,52984083,Crrc,21,1766.HK,automobile
2020-03-06,5.12,5.13,5.02,5.13,4.896,68727824,Crrc,21,1766.HK,automobile
2020-03-05,5.2,5.2,5.1,5.13,4.896,28982350,Crrc,21,1766.HK,automobile
2020-03-04,5.15,5.2,5.11,5.13,4.896,23069030,Crrc,21,1766.HK,automobile
2020-03-03,5.22,5.32,5.15,5.17,4.934,18167151,Crrc,21,1766.HK,automobile
2020-03-02,5.08,5.25,4.97,5.21,4.973,35415100,Crrc,21,1766.HK,automobile
2020-02-28,5.03,5.12,4.98,5,4.772,34567926,Crrc,21,1766.HK,automobile
2020-02-27,5.08,5.21,5.06,5.19,4.953,38834200,Crrc,21,1766.HK,automobile
2020-02-26,4.98,5.2,4.94,5.05,4.82,47593450,Crrc,21,1766.HK,automobile
2020-02-25,5.16,5.16,5,5.02,4.791,25842568,Crrc,21,1766.HK,automobile
2020-02-24,5.22,5.22,5.09,5.12,4.887,27600811,Crrc,21,1766.HK,automobile
2020-02-21,5.3,5.37,5.28,5.28,5.039,15509900,Crrc,21,1766.HK,automobile
2020-02-20,5.31,5.37,5.29,5.32,5.078,7957408,Crrc,21,1766.HK,automobile
2020-02-19,5.3,5.4,5.3,5.34,5.097,27700530,Crrc,21,1766.HK,automobile
2020-02-18,5.35,5.4,5.32,5.35,5.106,10850656,Crrc,21,1766.HK,automobile
2020-03-17,16.63,16.96,15.33,15.87,15.87,9976277,Dell,21,DELL,technologie
2020-03-16,14.79,17.39,14.79,16.33,16.33,10100379,Dell,21,DELL,technologie
2020-03-13,17.83,18.22,16.8,18.22,18.22,9643038,Dell,21,DELL,technologie
2020-03-12,17.22,17.7,16.38,16.59,16.59,13329588,Dell,21,DELL,technologie
2020-03-11,19.08,19.54,18.54,18.72,18.72,9386942,Dell,21,DELL,technologie
2020-03-10,19.11,19.96,17.99,19.84,19.84,9943920,Dell,21,DELL,technologie
2020-03-09,18.49,18.65,17.97,18.37,18.37,10960804,Dell,21,DELL,technologie
2020-03-06,19.77,20.72,19.57,20.08,20.08,8400837,Dell,21,DELL,technologie
2020-03-05,21.3,21.57,20.52,20.7,20.7,7139103,Dell,21,DELL,technologie
2020-03-04,21.54,21.99,20.88,21.99,21.99,6008377,Dell,21,DELL,technologie
2020-03-03,21.63,22.15,20.99,21.18,21.18,9216475,Dell,21,DELL,technologie
2020-03-02,20.64,21.54,19.97,21.49,21.49,7908770,Dell,21,DELL,technologie
2020-02-28,20.88,21.85,19.87,20.51,20.51,16947084,Dell,21,DELL,technologie
2020-02-27,22.57,23.08,21.74,22.08,22.08,11049984,Dell,21,DELL,technologie
2020-02-26,23.68,23.99,22.96,23.28,23.28,6851242,Dell,21,DELL,technologie
2020-02-25,24.86,24.94,23.4,23.43,23.43,6799550,Dell,21,DELL,technologie
2020-02-24,25.23,25.28,24.03,24.49,24.49,7265770,Dell,21,DELL,technologie
2020-02-21,26.71,26.77,25.96,26.21,26.21,4403144,Dell,21,DELL,technologie
2020-02-20,27.03,27.07,26.5,26.84,26.84,5310724,Dell,21,DELL,technologie
2020-02-19,26.81,27.16,26.74,27.03,27.03,5512759,Dell,21,DELL,technologie
2020-02-18,26.51,26.84,26.29,26.75,26.75,5139862,Dell,21,DELL,technologie
2020-03-17,24.78,27.97,24.16,25.5,18.1,38700,Electrolux,21,ELUXY,technologie
2020-03-16,26.85,32.18,26.85,27.61,19.59,33700,Electrolux,21,ELUXY,technologie
2020-03-13,32.07,33.14,30.48,33.14,23.52,23700,Electrolux,21,ELUXY,technologie
2020-03-12,33.6,33.95,31.05,33.76,23.96,36000,Electrolux,21,ELUXY,technologie
2020-03-11,38.06,38.06,36.45,36.8,26.11,19500,Electrolux,21,ELUXY,technologie
2020-03-10,39.8,39.8,38.16,39.23,27.84,24000,Electrolux,21,ELUXY,technologie
2020-03-09,38.76,39.17,37.67,38.01,26.97,12700,Electrolux,21,ELUXY,technologie
2020-03-06,40.16,40.56,39.66,40.25,28.56,18700,Electrolux,21,ELUXY,technologie
2020-03-05,40.56,40.6,39.89,40.03,28.41,10200,Electrolux,21,ELUXY,technologie
2020-03-04,41.13,41.81,41.13,41.81,29.67,14400,Electrolux,21,ELUXY,technologie
2020-03-03,41.98,42.18,41.1,41.44,29.41,30600,Electrolux,21,ELUXY,technologie
2020-03-02,40.39,40.87,39.74,40.74,28.91,11300,Electrolux,21,ELUXY,technologie
2020-02-28,39.67,40.56,39.48,40.56,28.78,21200,Electrolux,21,ELUXY,technologie
2020-02-27,41.29,41.64,41,41.1,29.17,9800,Electrolux,21,ELUXY,technologie
2020-02-26,42.7,42.8,42.15,42.33,30.04,7800,Electrolux,21,ELUXY,technologie
2020-02-25,42.43,42.43,41.49,41.6,29.52,9800,Electrolux,21,ELUXY,technologie
2020-02-24,42.63,42.81,42.48,42.63,30.25,4000,Electrolux,21,ELUXY,technologie
2020-02-21,44.54,44.73,44.54,44.73,31.74,1400,Electrolux,21,ELUXY,technologie
2020-02-20,44.69,44.69,44.45,44.57,31.63,2200,Electrolux,21,ELUXY,technologie
2020-02-19,44.94,44.94,44.63,44.83,31.81,4200,Electrolux,21,ELUXY,technologie
2020-02-18,45.54,45.54,45.49,45.5,32.29,1800,Electrolux,21,ELUXY,technologie
2020-03-17,7.7,7.9,7.36,7.6,7.138,21855702,Gac group (automobiles),21,2238.HK,automobile
2020-03-16,8.14,8.14,7.66,7.7,7.232,22834340,Gac group (automobiles),21,2238.HK,automobile
2020-03-13,7.91,8.28,7.81,8.24,7.739,51550310,Gac group (automobiles),21,2238.HK,automobile
2020-03-12,8.67,8.81,8.33,8.41,7.899,27663715,Gac group (automobiles),21,2238.HK,automobile
2020-03-11,8.85,9.12,8.67,8.67,8.143,12161448,Gac group (automobiles),21,2238.HK,automobile
2020-03-10,8.48,9.03,8.48,8.83,8.293,27124946,Gac group (automobiles),21,2238.HK,automobile
2020-03-09,8.91,9.04,8.55,8.66,8.134,46051600,Gac group (automobiles),21,2238.HK,automobile
2020-03-06,9.12,9.27,9.06,9.27,8.707,20536401,Gac group (automobiles),21,2238.HK,automobile
2020-03-05,9.3,9.38,9.13,9.34,8.772,21693800,Gac group (automobiles),21,2238.HK,automobile
2020-03-04,9.48,9.48,8.99,9.15,8.594,31627799,Gac group (automobiles),21,2238.HK,automobile
2020-03-03,9.25,9.53,9.1,9.39,8.819,23248094,Gac group (automobiles),21,2238.HK,automobile
2020-03-02,8.65,9.24,8.52,9.17,8.613,28887569,Gac group (automobiles),21,2238.HK,automobile
2020-02-28,8.9,8.92,8.53,8.69,8.162,38011229,Gac group (automobiles),21,2238.HK,automobile
2020-02-27,9.17,9.27,9.02,9.16,8.603,22919630,Gac group (automobiles),21,2238.HK,automobile
2020-02-26,9.1,9.37,9.06,9.22,8.66,27592633,Gac group (automobiles),21,2238.HK,automobile
2020-02-25,9.2,9.34,9.06,9.26,8.697,27310274,Gac group (automobiles),21,2238.HK,automobile
2020-02-24,9.26,9.53,9.16,9.36,8.791,28012713,Gac group (automobiles),21,2238.HK,automobile
2020-02-21,9.05,9.4,9.05,9.3,8.735,29797926,Gac group (automobiles),21,2238.HK,automobile
2020-02-20,9.18,9.29,9,9.14,8.585,21151567,Gac group (automobiles),21,2238.HK,automobile
2020-02-19,9.29,9.29,9.05,9.14,8.585,15560123,Gac group (automobiles),21,2238.HK,automobile
2020-02-18,9.27,9.32,9,9.12,8.566,25317018,Gac group (automobiles),21,2238.HK,automobile
2020-03-17,1.43,1.51,1.41,1.5,1.3525,177000,Geely auto,21,GELYF,automobile
2020-03-16,1.5,1.6,1.45,1.45,1.3074,191200,Geely auto,21,GELYF,automobile
2020-03-13,1.6,1.68,1.57,1.65,1.4878,160700,Geely auto,21,GELYF,automobile
2020-03-12,1.58,1.62,1.49,1.54,1.3886,611800,Geely auto,21,GELYF,automobile
2020-03-11,1.75,1.75,1.67,1.68,1.5148,88600,Geely auto,21,GELYF,automobile
2020-03-10,1.8,1.8,1.7,1.75,1.578,50700,Geely auto,21,GELYF,automobile
2020-03-09,1.68,1.75,1.62,1.65,1.4878,241200,Geely auto,21,GELYF,automobile
2020-03-06,1.79,1.85,1.75,1.78,1.605,144100,Geely auto,21,GELYF,automobile
2020-03-05,1.9,1.9,1.79,1.79,1.614,28200,Geely auto,21,GELYF,automobile
2020-03-04,1.8,1.85,1.8,1.83,1.6501,50600,Geely auto,21,GELYF,automobile
2020-03-03,1.82,1.83,1.8,1.83,1.6501,22200,Geely auto,21,GELYF,automobile
2020-03-02,1.82,1.83,1.79,1.82,1.6411,74300,Geely auto,21,GELYF,automobile
2020-02-28,1.72,1.79,1.71,1.78,1.605,298000,Geely auto,21,GELYF,automobile
2020-02-27,1.81,1.87,1.8,1.87,1.6862,221000,Geely auto,21,GELYF,automobile
2020-02-26,1.84,1.91,1.84,1.88,1.6952,164400,Geely auto,21,GELYF,automobile
2020-02-25,1.87,1.9,1.85,1.85,1.6681,151100,Geely auto,21,GELYF,automobile
2020-02-24,1.9,1.91,1.82,1.84,1.6591,181200,Geely auto,21,GELYF,automobile
2020-02-21,2,2,1.92,1.92,1.7312,35700,Geely auto,21,GELYF,automobile
2020-02-20,1.88,1.98,1.88,1.92,1.7312,32200,Geely auto,21,GELYF,automobile
2020-02-19,2,2,1.91,1.92,1.7312,33700,Geely auto,21,GELYF,automobile
2020-02-18,1.88,1.93,1.88,1.93,1.7403,98000,Geely auto,21,GELYF,automobile
2020-03-17,21.31,21.58,19.5,20.32,20.32,23544400,General motors,22,GM,automobile
2020-03-16,21.51,22.41,21,21,21,18056800,General motors,22,GM,automobile
2020-03-13,24.6,25.33,22.9,24.71,24.71,17909800,General motors,22,GM,automobile
2020-03-12,23.6,24.35,22.5,23.04,23.04,20344500,General motors,22,GM,automobile
2020-03-11,26,26.62,25.76,26,26,21309700,General motors,22,GM,automobile
2020-03-10,25.98,27.14,24.59,27.12,27.12,18287700,General motors,22,GM,automobile
2020-03-09,26,26.12,24.15,24.69,24.69,28350600,General motors,22,GM,automobile
2020-03-06,29.21,29.54,28.45,28.69,28.69,20009500,General motors,22,GM,automobile
2020-03-05,30.54,30.77,30.01,30.1,30.1,17921300,General motors,22,GM,automobile
2020-03-04,31,31.57,30.36,31.53,31.15,16227800,General motors,22,GM,automobile
2020-03-03,31.5,32.3,30.26,30.52,30.15,15816200,General motors,22,GM,automobile
2020-03-02,30.52,31.45,29.74,31.42,31.04,14994600,General motors,22,GM,automobile
2020-02-28,29.78,30.5,29.33,30.5,30.13,20827000,General motors,22,GM,automobile
2020-02-27,31.3,31.92,30.55,30.71,30.34,14940400,General motors,22,GM,automobile
2020-02-26,32.1,32.61,31.89,32,31.61,14421900,General motors,22,GM,automobile
2020-02-25,33.25,33.28,31.4,31.75,31.37,14621900,General motors,22,GM,automobile
2020-02-24,33.64,33.75,32.79,33.09,32.69,14743100,General motors,22,GM,automobile
2020-02-21,34.99,35.08,34.41,34.65,34.23,8431500,General motors,22,GM,automobile
2020-02-20,34.66,35.4,34.59,35.29,34.86,7817900,General motors,22,GM,automobile
2020-02-19,34.53,35.1,34.52,34.92,34.5,9079500,General motors,22,GM,automobile
2020-02-18,34.25,34.74,33.96,34.41,34,10531000,General motors,22,GM,automobile
2020-03-17,1093.11,1130.86,1056.01,1119.8,1119.8,3861500,Google,21,GOOG,technologie
2020-03-16,1096,1152.27,1074.44,1084.33,1084.33,4252400,Google,21,GOOG,technologie
2020-03-13,1179,1219.76,1117.14,1219.73,1219.73,3700100,Google,21,GOOG,technologie
2020-03-12,1126,1193.87,1113.3,1114.91,1114.91,4226700,Google,21,GOOG,technologie
2020-03-11,1249.7,1260.96,1196.07,1215.41,1215.41,2608500,Google,21,GOOG,technologie
2020-03-10,1260,1281.15,1218.77,1280.39,1280.39,2611400,Google,21,GOOG,technologie
2020-03-09,1205.3,1254.76,1200,1215.56,1215.56,3365400,Google,21,GOOG,technologie
2020-03-06,1277.06,1306.22,1261.05,1298.41,1298.41,2660600,Google,21,GOOG,technologie
2020-03-05,1350.2,1358.91,1305.1,1319.04,1319.04,2561300,Google,21,GOOG,technologie
2020-03-04,1359.23,1388.09,1343.11,1386.52,1386.52,1913300,Google,21,GOOG,technologie
2020-03-03,1399.42,1410.15,1332,1341.39,1341.39,2402300,Google,21,GOOG,technologie
2020-03-02,1351.61,1390.87,1326.81,1389.11,1389.11,2431500,Google,21,GOOG,technologie
2020-02-28,1277.5,1341.14,1271,1339.33,1339.33,3789100,Google,21,GOOG,technologie
2020-02-27,1362.06,1371.7,1317.17,1318.09,1318.09,2978300,Google,21,GOOG,technologie
2020-02-26,1396.14,1415.7,1379,1393.18,1393.18,2202400,Google,21,GOOG,technologie
2020-02-25,1433,1438.14,1382.4,1388.45,1388.45,2478300,Google,21,GOOG,technologie
2020-02-24,1426.11,1436.97,1411.39,1421.59,1421.59,2867100,Google,21,GOOG,technologie
2020-02-21,1508.03,1512.21,1480.44,1485.11,1485.11,1731700,Google,21,GOOG,technologie
2020-02-20,1522,1529.64,1506.82,1518.15,1518.15,1096600,Google,21,GOOG,technologie
2020-02-19,1525.07,1532.11,1521.4,1526.69,1526.69,949300,Google,21,GOOG,technologie
2020-02-18,1515,1531.63,1512.59,1519.67,1519.67,1120700,Google,21,GOOG,technologie
2020-03-17,17.27,17.5,16.21,17.12,16.97,117407450,Goertek,21,002241.SZ,technologie
2020-03-16,19.34,19.34,17.23,17.23,17.08,161620115,Goertek,21,002241.SZ,technologie
2020-03-13,18.41,19.55,17.95,19.14,18.97,97131390,Goertek,21,002241.SZ,technologie
2020-03-12,20.07,20.17,19.2,19.62,19.44,100069760,Goertek,21,002241.SZ,technologie
2020-03-11,21.27,21.65,20.65,20.65,20.46,58758891,Goertek,21,002241.SZ,technologie
2020-03-10,20.35,21.35,20.08,21.23,21.04,79878453,Goertek,21,002241.SZ,technologie
2020-03-09,21.62,21.62,20.22,20.36,20.18,99072301,Goertek,21,002241.SZ,technologie
2020-03-06,21.74,22.37,21.58,22.14,21.94,48807687,Goertek,21,002241.SZ,technologie
2020-03-05,22.55,22.73,21.66,22.23,22.03,73340475,Goertek,21,002241.SZ,technologie
2020-03-04,22.63,22.88,21.5,22.17,21.97,104522661,Goertek,21,002241.SZ,technologie
2020-03-03,23.57,24.14,22.59,22.98,22.77,98239988,Goertek,21,002241.SZ,technologie
2020-03-02,22.65,23.06,21.85,22.9,22.69,103848558,Goertek,21,002241.SZ,technologie
2020-02-28,22.9,23.56,22.19,22.27,22.07,107778020,Goertek,21,002241.SZ,technologie
2020-02-27,25.7,25.97,23.83,24.13,23.91,93733368,Goertek,21,002241.SZ,technologie
2020-02-26,26.49,27.15,24.71,24.92,24.7,107345882,Goertek,21,002241.SZ,technologie
2020-02-25,25.1,27.53,24.68,27.4,27.15,122187347,Goertek,21,002241.SZ,technologie
2020-02-24,25,26.16,24.53,25.98,25.75,89298864,Goertek,21,002241.SZ,technologie
2020-02-21,24.47,25.98,24.33,25.37,25.14,107151305,Goertek,21,002241.SZ,technologie
2020-02-20,23.5,24.9,23.22,24.62,24.4,124006978,Goertek,21,002241.SZ,technologie
2020-02-19,23.08,24.38,22.8,23.66,23.45,101768071,Goertek,21,002241.SZ,technologie
2020-02-18,23.8,23.94,22.8,23.43,23.22,118939242,Goertek,21,002241.SZ,technologie
2020-03-17,51.28,55.27,51.28,54.31,52.19,114100,Hitachi,21,HTHIY,automobile
2020-03-16,49.34,55.29,49.34,52.96,50.89,127700,Hitachi,21,HTHIY,automobile
2020-03-13,55.8,55.8,52.2,54.97,52.82,95600,Hitachi,21,HTHIY,automobile
2020-03-12,53.85,56.1,51.9,52.97,50.9,105600,Hitachi,21,HTHIY,automobile
2020-03-11,62.33,62.33,60.55,61,58.61,63700,Hitachi,21,HTHIY,automobile
2020-03-10,63.3,64,61.55,63.91,61.41,68700,Hitachi,21,HTHIY,automobile
2020-03-09,61.92,63.44,61.67,61.85,59.43,54800,Hitachi,21,HTHIY,automobile
2020-03-06,66.57,68.61,66.57,67.68,65.03,47900,Hitachi,21,HTHIY,automobile
2020-03-05,67.74,67.74,67.25,67.51,64.87,67400,Hitachi,21,HTHIY,automobile
2020-03-04,65.65,66.89,65.22,66.89,64.27,50200,Hitachi,21,HTHIY,automobile
2020-03-03,67.02,67.83,65.76,66.22,63.63,81600,Hitachi,21,HTHIY,automobile
2020-03-02,65.59,67.62,65.59,67.25,64.62,61900,Hitachi,21,HTHIY,automobile
2020-02-28,64.74,66.99,64.28,65.63,63.06,64300,Hitachi,21,HTHIY,automobile
2020-02-27,70,70.05,68.43,68.43,65.75,55700,Hitachi,21,HTHIY,automobile
2020-02-26,73.14,73.14,71.57,71.95,69.14,27900,Hitachi,21,HTHIY,automobile
2020-02-25,72.01,72.01,70.78,71.21,68.42,52000,Hitachi,21,HTHIY,automobile
2020-02-24,73.95,74.1,71.35,71.6,68.8,29400,Hitachi,21,HTHIY,automobile
2020-02-21,74.86,74.86,73.76,73.92,71.03,34000,Hitachi,21,HTHIY,automobile
2020-02-20,75.01,75.37,74.64,74.86,71.93,26300,Hitachi,21,HTHIY,automobile
2020-02-19,76.76,76.76,75.21,75.37,72.42,22000,Hitachi,21,HTHIY,automobile
2020-02-18,74.89,74.89,73.96,73.96,71.07,20300,Hitachi,21,HTHIY,automobile
2020-03-17,14.64,15.14,13.61,14.4,13.65,20724700,Hp,22,HPQ,technologie
2020-03-16,15.72,15.72,14.32,14.46,13.71,16105100,Hp,22,HPQ,technologie
2020-03-13,18.57,18.62,16.43,17.18,16.29,16605100,Hp,22,HPQ,technologie
2020-03-12,17.4,18.57,16.35,17.51,16.6,12917200,Hp,22,HPQ,technologie
2020-03-11,19.19,19.47,18.57,19.36,18.36,14195100,Hp,22,HPQ,technologie
2020-03-10,19.5,20.33,18.81,19.79,18.76,9319500,Hp,22,HPQ,technologie
2020-03-09,19.96,20.29,18.92,18.96,17.81,14985100,Hp,22,HPQ,technologie
2020-03-06,20.89,21.49,20.89,21.41,20.11,12858900,Hp,22,HPQ,technologie
2020-03-05,21.08,21.7,20.97,21.54,20.23,16562300,Hp,22,HPQ,technologie
2020-03-04,21.01,21.64,20.75,21.6,20.29,18364200,Hp,22,HPQ,technologie
2020-03-03,21.8,21.84,20.41,20.75,19.49,19957500,Hp,22,HPQ,technologie
2020-03-02,20.9,21.88,20.77,21.86,20.53,15428100,Hp,22,HPQ,technologie
2020-02-28,20.98,21.37,20.17,20.79,19.53,26357500,Hp,22,HPQ,technologie
2020-02-27,22.26,22.36,21.73,21.88,20.55,23949800,Hp,22,HPQ,technologie
2020-02-26,23.5,23.5,22.71,22.71,21.33,16657000,Hp,22,HPQ,technologie
2020-02-25,22.98,23.93,22.7,23.35,21.93,44019200,Hp,22,HPQ,technologie
2020-02-24,22.28,22.44,21.96,22.1,20.76,21989400,Hp,22,HPQ,technologie
2020-02-21,22.56,22.78,22.51,22.7,21.32,16987100,Hp,22,HPQ,technologie
2020-02-20,22.39,22.82,22.38,22.64,21.27,20458200,Hp,22,HPQ,technologie
2020-02-19,22.35,22.63,22.24,22.43,21.07,13283600,Hp,22,HPQ,technologie
2020-02-18,22.07,22.29,22,22.24,20.89,8465800,Hp,22,HPQ,technologie
2020-03-17,25.5,27.45,25.4,26.95,26.95,10813366,Htc,20,2498.TW,technologie
2020-03-16,29.75,30.25,27,27,27,12927572,Htc,20,2498.TW,technologie
2020-03-13,29,30.2,28.9,29.75,29.75,16204724,Htc,20,2498.TW,technologie
2020-03-12,34.7,34.7,31.9,32.1,32.1,12699765,Htc,20,2498.TW,technologie
2020-03-11,35.95,36.05,34.3,34.85,34.85,6002719,Htc,20,2498.TW,technologie
2020-03-10,35,35.9,34.6,35.8,35.8,6897673,Htc,20,2498.TW,technologie
2020-03-09,37.3,37.3,35.6,35.6,35.6,9530990,Htc,20,2498.TW,technologie
2020-03-06,36.95,37.7,36.75,37.55,37.55,7822997,Htc,20,2498.TW,technologie
2020-03-05,38,38.2,36.85,36.9,36.9,9920303,Htc,20,2498.TW,technologie
2020-03-04,37.25,37.95,36.8,37.65,37.65,8499262,Htc,20,2498.TW,technologie
2020-03-03,37,38.4,36.5,37.45,37.45,19542410,Htc,20,2498.TW,technologie
2020-03-02,34.05,36.55,34,36.4,36.4,10076263,Htc,20,2498.TW,technologie
2020-02-27,37,37.05,35,35,35,12959618,Htc,20,2498.TW,technologie
2020-02-26,34.75,36.85,34.7,36.5,36.5,12695332,Htc,20,2498.TW,technologie
2020-02-25,34.5,34.95,34.3,34.9,34.9,3816322,Htc,20,2498.TW,technologie
2020-02-24,35,35.2,34.75,34.9,34.9,3934664,Htc,20,2498.TW,technologie
2020-02-21,35.8,36.45,35.45,35.45,35.45,9482251,Htc,20,2498.TW,technologie
2020-02-20,35,35.35,34.8,35.3,35.3,3878270,Htc,20,2498.TW,technologie
2020-02-19,34.85,35,34.55,34.7,34.7,2704652,Htc,20,2498.TW,technologie
2020-02-18,34.7,35.2,34.6,34.75,34.75,4559913,Htc,20,2498.TW,technologie
2020-03-17,3.21,3.32,3.02,3.32,3.32,31180054,Huawei,21,002502.SZ,technologie
2020-03-16,3.21,3.41,3.17,3.21,3.21,44991462,Huawei,21,002502.SZ,technologie
2020-03-13,2.99,3.21,2.99,3.16,3.16,44990349,Huawei,21,002502.SZ,technologie
2020-03-12,3.47,3.6,3.25,3.32,3.32,86604252,Huawei,21,002502.SZ,technologie
2020-03-11,2.99,3.27,2.99,3.27,3.27,22741822,Huawei,21,002502.SZ,technologie
2020-03-10,2.87,3,2.87,2.97,2.97,12784286,Huawei,21,002502.SZ,technologie
2020-03-09,3.01,3.05,2.95,2.97,2.97,13754600,Huawei,21,002502.SZ,technologie
2020-03-06,3.03,3.09,2.97,3.06,3.06,22308920,Huawei,21,002502.SZ,technologie
2020-03-05,2.9,3.05,2.9,3.01,3.01,20740644,Huawei,21,002502.SZ,technologie
2020-03-04,2.84,2.88,2.83,2.88,2.88,7894144,Huawei,21,002502.SZ,technologie
2020-03-03,2.89,2.94,2.84,2.87,2.87,12362725,Huawei,21,002502.SZ,technologie
2020-03-02,2.79,2.88,2.72,2.87,2.87,13328352,Huawei,21,002502.SZ,technologie
2020-02-28,2.9,2.9,2.72,2.74,2.74,19123952,Huawei,21,002502.SZ,technologie
2020-02-27,3.05,3.05,2.96,2.97,2.97,12497402,Huawei,21,002502.SZ,technologie
2020-02-26,3,3.08,2.97,2.97,2.97,13857901,Huawei,21,002502.SZ,technologie
2020-02-25,3.01,3.07,2.95,3.04,3.04,19079440,Huawei,21,002502.SZ,technologie
2020-02-24,2.95,3.15,2.92,3.1,3.1,30572114,Huawei,21,002502.SZ,technologie
2020-02-21,2.82,3.08,2.82,2.97,2.97,31274003,Huawei,21,002502.SZ,technologie
2020-02-20,2.75,2.87,2.75,2.84,2.84,12796100,Huawei,21,002502.SZ,technologie
2020-02-19,2.83,2.84,2.76,2.77,2.77,13658593,Huawei,21,002502.SZ,technologie
2020-02-18,2.71,2.86,2.71,2.85,2.85,20802228,Huawei,21,002502.SZ,technologie
2020-03-17,36.58,36.97,34.7,36.29,36.07,57095986,Iflytek,21,002230.SZ,technologie
2020-03-16,38.6,38.6,35.81,36.11,35.89,64556910,Iflytek,21,002230.SZ,technologie
2020-03-13,36,39.14,36,38.34,38.1,66399489,Iflytek,21,002230.SZ,technologie
2020-03-12,39,39.08,37.9,38.44,38.2,67150790,Iflytek,21,002230.SZ,technologie
2020-03-11,41.39,41.75,39.78,39.9,39.65,64119522,Iflytek,21,002230.SZ,technologie
2020-03-10,39.38,41.2,39.2,41.17,40.92,76148664,Iflytek,21,002230.SZ,technologie
2020-03-09,40.62,41.17,39.56,39.77,39.52,79926191,Iflytek,21,002230.SZ,technologie
2020-03-06,41.88,42.65,41.45,41.85,41.59,68072673,Iflytek,21,002230.SZ,technologie
2020-03-05,44.5,44.68,41.98,42.8,42.54,103100170,Iflytek,21,002230.SZ,technologie
2020-03-04,43.28,44.44,41.88,43.26,42.99,125571756,Iflytek,21,002230.SZ,technologie
2020-03-03,41.7,44.86,41.26,43.8,43.53,189305067,Iflytek,21,002230.SZ,technologie
2020-03-02,39.85,41.22,39.12,40.78,40.53,87231419,Iflytek,21,002230.SZ,technologie
2020-02-28,39.39,40.42,38.5,38.59,38.35,89772145,Iflytek,21,002230.SZ,technologie
2020-02-27,39.96,41.83,39.15,40.99,40.74,91107585,Iflytek,21,002230.SZ,technologie
2020-02-26,41,41.19,39.4,39.78,39.53,91676891,Iflytek,21,002230.SZ,technologie
2020-02-25,41.43,42.13,39.74,42,41.74,117799191,Iflytek,21,002230.SZ,technologie
2020-02-24,41.99,43.19,41.35,42.4,42.14,115410150,Iflytek,21,002230.SZ,technologie
2020-02-21,39.05,42.22,39.05,41.34,41.08,143469143,Iflytek,21,002230.SZ,technologie
2020-02-20,38.88,39.27,38.15,39.01,38.77,61613714,Iflytek,21,002230.SZ,technologie
2020-02-19,39.71,39.71,38.62,38.66,38.42,84477867,Iflytek,21,002230.SZ,technologie
2020-02-18,39.71,40.52,39.13,40.05,39.8,97061812,Iflytek,21,002230.SZ,technologie
2020-03-17,8.65,8.68,8.25,8.5,8.45,27173948,Tsinghua tongfang,21,600100.SS,technologie
2020-03-16,9,9.01,8.4,8.48,8.43,38338998,Tsinghua tongfang,21,600100.SS,technologie
2020-03-13,8.6,9.07,8.55,8.91,8.86,36412702,Tsinghua tongfang,21,600100.SS,technologie
2020-03-12,8.77,9.1,8.73,9.03,8.98,39102839,Tsinghua tongfang,21,600100.SS,technologie
2020-03-11,9.14,9.25,8.9,8.91,8.86,37978959,Tsinghua tongfang,21,600100.SS,technologie
2020-03-10,8.71,9.14,8.71,9.13,9.08,49805279,Tsinghua tongfang,21,600100.SS,technologie
2020-03-09,9.01,9.08,8.78,8.79,8.74,60229101,Tsinghua tongfang,21,600100.SS,technologie
2020-03-06,9.4,9.4,9.21,9.26,9.2,45971729,Tsinghua tongfang,21,600100.SS,technologie
2020-03-05,9.55,9.62,9.35,9.51,9.45,51201516,Tsinghua tongfang,21,600100.SS,technologie
2020-03-04,9.3,9.46,9.13,9.41,9.35,43989930,Tsinghua tongfang,21,600100.SS,technologie
2020-03-03,9.35,9.75,9.28,9.39,9.33,65227276,Tsinghua tongfang,21,600100.SS,technologie
2020-03-02,9.06,9.35,8.98,9.28,9.22,54145577,Tsinghua tongfang,21,600100.SS,technologie
2020-02-28,9.36,9.48,8.92,8.98,8.93,74160790,Tsinghua tongfang,21,600100.SS,technologie
2020-02-27,9.75,9.83,9.48,9.72,9.66,53517995,Tsinghua tongfang,21,600100.SS,technologie
2020-02-26,9.93,9.99,9.65,9.68,9.62,84277073,Tsinghua tongfang,21,600100.SS,technologie
2020-02-25,10.11,10.28,9.63,10.16,10.1,136905773,Tsinghua tongfang,21,600100.SS,technologie
2020-02-24,9.99,10.65,9.91,10.42,10.36,117972455,Tsinghua tongfang,21,600100.SS,technologie
2020-02-21,9.48,10.14,9.45,10.02,9.96,110448473,Tsinghua tongfang,21,600100.SS,technologie
2020-02-20,9.47,9.57,9.28,9.51,9.45,67705491,Tsinghua tongfang,21,600100.SS,technologie
2020-02-19,9.71,9.78,9.42,9.48,9.42,66146430,Tsinghua tongfang,21,600100.SS,technologie
2020-02-18,9.65,9.84,9.5,9.78,9.72,78169401,Tsinghua tongfang,21,600100.SS,technologie
2020-03-17,6.65,7.01,6.51,6.86,6.61,528400,Panasonic,21,PCRFY,technologie
2020-03-16,7.03,7.03,6.42,6.8,6.56,417700,Panasonic,21,PCRFY,technologie
2020-03-13,7.31,7.8,7.25,7.57,7.3,472400,Panasonic,21,PCRFY,technologie
2020-03-12,8.03,8.03,7.13,7.34,7.08,437300,Panasonic,21,PCRFY,technologie
2020-03-11,8.14,8.5,8.14,8.32,8.02,307300,Panasonic,21,PCRFY,technologie
2020-03-10,8.86,8.86,8.14,8.56,8.25,344800,Panasonic,21,PCRFY,technologie
2020-03-09,8.56,8.56,8.2,8.28,7.98,307100,Panasonic,21,PCRFY,technologie
2020-03-06,9.06,9.24,9.02,9.08,8.76,159200,Panasonic,21,PCRFY,technologie
2020-03-05,9.08,9.45,9.08,9.28,8.95,242500,Panasonic,21,PCRFY,technologie
2020-03-04,9.45,9.69,9.45,9.66,9.31,301200,Panasonic,21,PCRFY,technologie
2020-03-03,9.09,9.65,9.09,9.4,9.06,372500,Panasonic,21,PCRFY,technologie
2020-03-02,9.29,9.99,9.29,9.66,9.31,225400,Panasonic,21,PCRFY,technologie
2020-02-28,9.1,9.41,9.1,9.4,9.06,441100,Panasonic,21,PCRFY,technologie
2020-02-27,9.82,9.82,9.58,9.58,9.24,301200,Panasonic,21,PCRFY,technologie
2020-02-26,9.93,10.23,9.93,10.15,9.79,292700,Panasonic,21,PCRFY,technologie
2020-02-25,10.22,10.29,10.01,10.05,9.69,282400,Panasonic,21,PCRFY,technologie
2020-02-24,10.46,10.46,10.1,10.18,9.82,343500,Panasonic,21,PCRFY,technologie
2020-02-21,10.42,10.85,10.42,10.68,10.3,173400,Panasonic,21,PCRFY,technologie
2020-02-20,10.86,10.86,10.44,10.71,10.33,196700,Panasonic,21,PCRFY,technologie
2020-02-19,10.55,10.97,10.55,10.87,10.48,215700,Panasonic,21,PCRFY,technologie
2020-02-18,10.93,10.93,10.75,10.78,10.39,219400,Panasonic,21,PCRFY,technologie
2020-03-17,72.12,78.23,64.28,73.51,71.49,1823700,Polo ralph lauren,21,RL,textile
2020-03-16,70.28,75.32,66.73,71.6,69.64,1593900,Polo ralph lauren,21,RL,textile
2020-03-13,82.6,84.99,76.65,83.67,81.38,1549000,Polo ralph lauren,21,RL,textile
2020-03-12,84.82,87.44,77.84,79.67,77.49,1801600,Polo ralph lauren,21,RL,textile
2020-03-11,96.09,96.09,90.18,90.67,88.18,1228200,Polo ralph lauren,21,RL,textile
2020-03-10,99.28,99.45,92.62,98.91,96.2,981800,Polo ralph lauren,21,RL,textile
2020-03-09,99,101.13,93.91,94.99,92.39,1917300,Polo ralph lauren,21,RL,textile
2020-03-06,105.19,106.14,104.03,105.77,102.87,2192400,Polo ralph lauren,21,RL,textile
2020-03-05,107.26,109.58,106.28,108.19,105.22,1585400,Polo ralph lauren,21,RL,textile
2020-03-04,108.09,110.82,106.61,110.54,107.51,1875900,Polo ralph lauren,21,RL,textile
2020-03-03,107.95,111.64,104.63,106.43,103.51,3347000,Polo ralph lauren,21,RL,textile
2020-03-02,105.71,107.61,103.96,107.61,104.66,1555600,Polo ralph lauren,21,RL,textile
2020-02-28,98.04,105.52,98.04,105.51,102.62,1679600,Polo ralph lauren,21,RL,textile
2020-02-27,98.64,104.53,97.22,101.61,98.82,2105900,Polo ralph lauren,21,RL,textile
2020-02-26,103.61,105.51,101.4,101.58,98.79,1524100,Polo ralph lauren,21,RL,textile
2020-02-25,111.13,111.13,102.09,102.76,99.94,1526500,Polo ralph lauren,21,RL,textile
2020-02-24,110,110.98,108.41,109.61,106.6,1429100,Polo ralph lauren,21,RL,textile
2020-02-21,120.63,121.2,116.8,117.46,114.24,914400,Polo ralph lauren,21,RL,textile
2020-02-20,119.47,121.9,118.9,121.86,118.52,824700,Polo ralph lauren,21,RL,textile
2020-02-19,120.94,121.36,119.06,119.8,116.51,856500,Polo ralph lauren,21,RL,textile
2020-02-18,121.08,122.58,120.6,120.61,117.3,956700,Polo ralph lauren,21,RL,textile
2020-03-18,47750,48350,45600,45600,45600,40152623,Samsung,22,005930.KS,technologie
2020-03-17,46900,49650,46700,47300,47300,51218151,Samsung,22,005930.KS,technologie
2020-03-16,50100,50900,48800,48900,48900,33339821,Samsung,22,005930.KS,technologie
2020-03-13,47450,51600,46850,49950,49950,59462933,Samsung,22,005930.KS,technologie
2020-03-12,52100,52100,52100,52100,52100,,Samsung,22,005930.KS,technologie
2020-03-11,54300,54400,52000,52100,52100,45707281,Samsung,22,005930.KS,technologie
2020-03-10,53800,54900,53700,54600,54600,32106554,Samsung,22,005930.KS,technologie
2020-03-09,56500,56500,56500,56500,56500,,Samsung,22,005930.KS,technologie
2020-03-06,56500,57200,56200,56500,56500,18716656,Samsung,22,005930.KS,technologie
2020-03-05,57600,58000,56700,57800,57800,21698990,Samsung,22,005930.KS,technologie
2020-03-04,54800,57600,54600,57400,57400,24765728,Samsung,22,005930.KS,technologie
2020-03-03,56700,56900,55100,55400,55400,30330295,Samsung,22,005930.KS,technologie
2020-03-02,54300,55500,53600,55000,55000,30403412,Samsung,22,005930.KS,technologie
2020-02-28,55000,55500,54200,54200,54200,30054227,Samsung,22,005930.KS,technologie
2020-02-27,56300,56900,55500,55900,55900,23209541,Samsung,22,005930.KS,technologie
2020-02-26,56000,57000,56000,56500,56500,25483102,Samsung,22,005930.KS,technologie
2020-02-25,56200,58000,56200,57900,57900,23885408,Samsung,22,005930.KS,technologie
2020-02-24,57400,58100,56800,56800,56800,25627537,Samsung,22,005930.KS,technologie
2020-02-21,58800,59800,58500,59200,59200,13777393,Samsung,22,005930.KS,technologie
2020-02-20,60700,61300,59600,60000,60000,14591924,Samsung,22,005930.KS,technologie
2020-02-19,59800,60400,59400,60200,60200,12951496,Samsung,22,005930.KS,technologie
2020-02-18,60800,60900,59700,59800,59800,16674266,Samsung,22,005930.KS,technologie
2020-03-17,35.71,37.74,35.12,36.93,32.02,448400,Siemens,21,SIEGY,technologie
2020-03-16,35.96,38.03,35.31,35.36,30.66,676300,Siemens,21,SIEGY,technologie
2020-03-13,40.94,40.95,37.74,40.4,35.02,641400,Siemens,21,SIEGY,technologie
2020-03-12,41.62,41.62,38.42,39,33.81,768200,Siemens,21,SIEGY,technologie
2020-03-11,45.7,45.89,44.09,44.39,38.48,428600,Siemens,21,SIEGY,technologie
2020-03-10,46.49,46.69,45.14,46.66,40.45,485600,Siemens,21,SIEGY,technologie
2020-03-09,45.68,46.84,45.05,45.21,39.19,373700,Siemens,21,SIEGY,technologie
2020-03-06,49.23,50.02,48.84,49.29,42.73,420100,Siemens,21,SIEGY,technologie
2020-03-05,50.12,50.59,49.72,49.94,43.3,219100,Siemens,21,SIEGY,technologie
2020-03-04,50.97,51.79,50.56,51.66,44.79,300600,Siemens,21,SIEGY,technologie
2020-03-03,51.87,52.53,50.51,50.8,44.04,354100,Siemens,21,SIEGY,technologie
2020-03-02,51.57,51.71,50.51,51.69,44.81,249700,Siemens,21,SIEGY,technologie
2020-02-28,50.51,51.7,50.21,51.39,44.55,414700,Siemens,21,SIEGY,technologie
2020-02-27,52.24,53.61,51.95,52.28,45.32,268400,Siemens,21,SIEGY,technologie
2020-02-26,53.53,53.86,52.58,52.75,45.73,230100,Siemens,21,SIEGY,technologie
2020-02-25,54.67,54.67,53.02,53.02,45.97,217400,Siemens,21,SIEGY,technologie
2020-02-24,54.3,54.86,54.25,54.5,47.25,208300,Siemens,21,SIEGY,technologie
2020-02-21,57.16,57.22,56.77,56.9,49.33,140600,Siemens,21,SIEGY,technologie
2020-02-20,57.78,58.03,57.13,57.55,49.89,161600,Siemens,21,SIEGY,technologie
2020-02-19,57.4,57.74,57.31,57.59,49.93,201800,Siemens,21,SIEGY,technologie
2020-02-18,57.51,57.8,57.5,57.74,50.06,164300,Siemens,21,SIEGY,technologie
2020-03-17,21.73,21.86,19.8,20.61,20.61,4260400,Sketchers,21,SKX,textile
2020-03-16,23.13,24.28,21.14,21.21,21.21,2656200,Sketchers,21,SKX,textile
2020-03-13,26.6,26.76,24.41,26.43,26.43,2636100,Sketchers,21,SKX,textile
2020-03-12,26,27.76,25,25.53,25.53,3254800,Sketchers,21,SKX,textile
2020-03-11,28.82,29.06,27.31,27.91,27.91,3224700,Sketchers,21,SKX,textile
2020-03-10,29.01,30.01,28.62,29.88,29.88,2837900,Sketchers,21,SKX,textile
2020-03-09,29.49,29.78,27.53,27.77,27.77,2687100,Sketchers,21,SKX,textile
2020-03-06,30.62,31.3,30.2,31.08,31.08,1839600,Sketchers,21,SKX,textile
2020-03-05,32,32.22,31.03,31.35,31.35,2352900,Sketchers,21,SKX,textile
2020-03-04,31.63,33.05,31,32.92,32.92,2535200,Sketchers,21,SKX,textile
2020-03-03,33.48,34.1,30.57,31.5,31.5,2818000,Sketchers,21,SKX,textile
2020-03-02,33.18,33.85,32.46,33.83,33.83,2877700,Sketchers,21,SKX,textile
2020-02-28,31.5,33.13,31.36,33.08,33.08,3001500,Sketchers,21,SKX,textile
2020-02-27,32.43,33.75,31.75,32.55,32.55,2900700,Sketchers,21,SKX,textile
2020-02-26,32.94,34.13,32.91,33.43,33.43,1762500,Sketchers,21,SKX,textile
2020-02-25,34.2,34.2,32.8,32.81,32.81,2209600,Sketchers,21,SKX,textile
2020-02-24,35.17,35.47,33.54,34.14,34.14,3243500,Sketchers,21,SKX,textile
2020-02-21,37.86,38.01,36.74,36.9,36.9,1980800,Sketchers,21,SKX,textile
2020-02-20,38,38.45,37.79,38.18,38.18,1479400,Sketchers,21,SKX,textile
2020-02-19,37.78,38.3,37.59,38.11,38.11,1855900,Sketchers,21,SKX,textile
2020-02-18,37.7,38.15,37.33,37.67,37.67,1298100,Sketchers,21,SKX,textile
2020-03-17,53.41,55.37,52.65,55.2,55.2,1702400,Sony,21,SONY,technologie
2020-03-16,52,53.86,50.94,51.68,51.68,1458900,Sony,21,SONY,technologie
2020-03-13,56.35,56.67,53.29,56.32,56.32,2012300,Sony,21,SONY,technologie
2020-03-12,54.53,55.47,51.5,52.57,52.57,2072100,Sony,21,SONY,technologie
2020-03-11,58.95,59.35,57.44,57.79,57.79,1349800,Sony,21,SONY,technologie
2020-03-10,61.09,61.15,59.06,60.33,60.33,3117300,Sony,21,SONY,technologie
2020-03-09,58.19,60.47,58,58.53,58.53,1374800,Sony,21,SONY,technologie
2020-03-06,62.8,63.24,62.16,63.12,63.12,1165600,Sony,21,SONY,technologie
2020-03-05,63.85,63.99,62.92,63.44,63.44,1259900,Sony,21,SONY,technologie
2020-03-04,63.78,64.95,63.57,64.79,64.79,1223800,Sony,21,SONY,technologie
2020-03-03,63.77,64.51,62.56,63.18,63.18,1714500,Sony,21,SONY,technologie
2020-03-02,63.6,64.26,62.31,64.16,64.16,2117900,Sony,21,SONY,technologie
2020-02-28,59.49,62.46,59.35,62.2,62.2,2722600,Sony,21,SONY,technologie
2020-02-27,61.91,62.72,60.88,60.89,60.89,2006000,Sony,21,SONY,technologie
2020-02-26,64.36,64.83,63.78,63.94,63.94,1553400,Sony,21,SONY,technologie
2020-02-25,65.25,65.5,63.13,63.58,63.58,2226400,Sony,21,SONY,technologie
2020-02-24,64,64.58,63.51,63.93,63.93,1413800,Sony,21,SONY,technologie
2020-02-21,66.95,67,65.75,65.94,65.94,906900,Sony,21,SONY,technologie
2020-02-20,66.91,67.17,66.03,66.74,66.74,1326100,Sony,21,SONY,technologie
2020-02-19,66.96,67.37,66.87,67.07,67.07,1234900,Sony,21,SONY,technologie
2020-02-18,66.42,67.09,66.1,66.64,66.64,2345700,Sony,21,SONY,technologie
2020-03-17,41.32,43.85,36.28,37.43,37.38,2230500,Tommy hilfiger,21,PVH,textile
2020-03-16,43.69,45.46,40.31,40.75,40.69,1442200,Tommy hilfiger,21,PVH,textile
2020-03-13,46.92,50.34,42.77,50.34,50.27,1918500,Tommy hilfiger,21,PVH,textile
2020-03-12,53.04,53.04,44.02,44.25,44.19,2822900,Tommy hilfiger,21,PVH,textile
2020-03-11,61.69,61.71,56.35,56.63,56.55,1393100,Tommy hilfiger,21,PVH,textile
2020-03-10,63.86,65.28,60.92,63.59,63.5,1319100,Tommy hilfiger,21,PVH,textile
2020-03-09,63.86,64.6,60.35,61.5,61.41,1518800,Tommy hilfiger,21,PVH,textile
2020-03-06,68,70.57,67.32,69.18,69.08,1371500,Tommy hilfiger,21,PVH,textile
2020-03-05,71.26,71.98,68.96,69.84,69.74,1307600,Tommy hilfiger,21,PVH,textile
2020-03-04,72.59,73.88,71.32,73.79,73.68,1045600,Tommy hilfiger,21,PVH,textile
2020-03-03,74.22,76.5,70.68,71.93,71.83,1167300,Tommy hilfiger,21,PVH,textile
2020-03-02,74.8,75.04,71.93,74.59,74.48,1294300,Tommy hilfiger,21,PVH,textile
2020-02-28,70.3,74.8,70.3,74.11,74,1834300,Tommy hilfiger,21,PVH,textile
2020-02-27,72.04,76.52,70.1,73.06,72.95,1697800,Tommy hilfiger,21,PVH,textile
2020-02-26,77.46,78.26,73.35,74.04,73.93,1389000,Tommy hilfiger,21,PVH,textile
2020-02-25,81.89,82.03,76.46,76.96,76.85,1255600,Tommy hilfiger,21,PVH,textile
2020-02-24,80.4,82.4,79.51,81.23,81.11,1162600,Tommy hilfiger,21,PVH,textile
2020-02-21,85.9,86.08,84.07,84.67,84.55,798000,Tommy hilfiger,21,PVH,textile
2020-02-20,86.01,88.11,86.01,86.88,86.75,812500,Tommy hilfiger,21,PVH,textile
2020-02-19,86.42,86.93,85.86,86.13,86,947100,Tommy hilfiger,21,PVH,textile
2020-02-18,88.05,89.1,85.72,86.35,86.22,1154800,Tommy hilfiger,21,PVH,textile
2020-03-17,42.04,42.26,38.6,41.14,40.89,65500,Uniqlo,22,FRCOY,textile
2020-03-16,43.73,44.34,42.31,44.03,43.77,40400,Uniqlo,22,FRCOY,textile
2020-03-13,45.5,45.5,43.15,45.32,45.05,57600,Uniqlo,22,FRCOY,textile
2020-03-12,43.36,45.3,42.53,44.22,43.96,48100,Uniqlo,22,FRCOY,textile
2020-03-11,49.43,49.47,48.9,49.2,48.91,15200,Uniqlo,22,FRCOY,textile
2020-03-10,49.47,50.61,49.15,49.98,49.68,36600,Uniqlo,22,FRCOY,textile
2020-03-09,49.21,50.75,48.06,50.28,49.98,18400,Uniqlo,22,FRCOY,textile
2020-03-06,51.92,51.92,50.57,51.24,50.93,25000,Uniqlo,22,FRCOY,textile
2020-03-05,51.52,51.86,51.22,51.22,50.91,368800,Uniqlo,22,FRCOY,textile
2020-03-04,50.27,51.09,50.27,50.76,50.46,36700,Uniqlo,22,FRCOY,textile
2020-03-03,50.58,50.85,49.55,50.28,49.98,56300,Uniqlo,22,FRCOY,textile
2020-03-02,48.55,50.43,48.55,50.43,50.13,23800,Uniqlo,22,FRCOY,textile
2020-02-28,48,49.59,47.79,49.57,49.27,24000,Uniqlo,22,FRCOY,textile
2020-02-27,49.48,49.94,49,49,48.71,22700,Uniqlo,22,FRCOY,textile
2020-02-26,50.2,51.03,50.2,50.85,50.32,37200,Uniqlo,22,FRCOY,textile
2020-02-25,51,51,49.92,50.16,49.64,29000,Uniqlo,22,FRCOY,textile
2020-02-24,51,51.5,51,51.16,50.63,22900,Uniqlo,22,FRCOY,textile
2020-02-21,52.59,52.92,52.34,52.68,52.13,7400,Uniqlo,22,FRCOY,textile
2020-02-20,53.43,53.57,53.11,53.37,52.82,11800,Uniqlo,22,FRCOY,textile
2020-02-19,54.29,54.36,54.14,54.2,53.64,25200,Uniqlo,22,FRCOY,textile
2020-02-18,52.78,53.8,52.78,53.54,52.99,13900,Uniqlo,22,FRCOY,textile
2020-03-17,23.18,23.18,20.7,20.9,20.36,7900,Inditex,21,IDEXF,textile
2020-03-16,19.05,19.05,19.05,19.05,18.56,2400,Inditex,21,IDEXF,textile
2020-03-13,22.76,23.57,22.76,23.03,22.43,3000,Inditex,21,IDEXF,textile
2020-03-12,23.13,23.13,21.44,21.44,20.88,3100,Inditex,21,IDEXF,textile
2020-03-11,27.53,27.53,27.53,27.53,26.81,,Inditex,21,IDEXF,textile
2020-03-10,27.67,27.67,27.53,27.53,26.81,4600,Inditex,21,IDEXF,textile
2020-03-09,28.49,28.49,28.05,28.05,27.32,12000,Inditex,21,IDEXF,textile
2020-03-06,30.8,30.8,30.8,30.8,30,,Inditex,21,IDEXF,textile
2020-03-05,31.05,31.05,30.8,30.8,30,500,Inditex,21,IDEXF,textile
2020-03-04,31.36,31.36,31.36,31.36,30.55,300,Inditex,21,IDEXF,textile
2020-03-03,31.09,31.09,31.09,31.09,30.28,7500,Inditex,21,IDEXF,textile
2020-03-02,31.07,31.09,30.74,31.09,30.28,48800,Inditex,21,IDEXF,textile
2020-02-28,30.17,30.17,29.67,30.13,29.35,10800,Inditex,21,IDEXF,textile
2020-02-27,30.9,30.9,30.9,30.9,30.1,,Inditex,21,IDEXF,textile
2020-02-26,31.89,31.89,30.9,30.9,30.1,3300,Inditex,21,IDEXF,textile
2020-02-25,32.21,32.21,32.21,32.21,31.37,,Inditex,21,IDEXF,textile
2020-02-24,32.08,32.21,32.08,32.21,31.37,600,Inditex,21,IDEXF,textile
2020-02-21,34.07,34.07,34.07,34.07,33.19,200,Inditex,21,IDEXF,textile
2020-02-20,34.79,34.79,34.79,34.79,33.89,100,Inditex,21,IDEXF,textile
2020-02-19,34.79,34.79,34.79,34.79,33.89,37900,Inditex,21,IDEXF,textile
2020-02-18,34.04,34.3,34.02,34.3,33.41,9500,Inditex,21,IDEXF,textile
2020-03-17,9.03,9.14,8.83,9.02,8.9709,49815137,Xianu,21,002024.SZ,technologie
2020-03-16,9.2,9.37,9.02,9.04,8.9908,64718205,Xianu,21,002024.SZ,technologie
2020-03-13,9,9.23,8.9,9.14,9.0902,79191615,Xianu,21,002024.SZ,technologie
2020-03-12,9.4,9.45,9.3,9.33,9.2792,52505457,Xianu,21,002024.SZ,technologie
2020-03-11,9.63,9.64,9.49,9.5,9.4483,48014176,Xianu,21,002024.SZ,technologie
2020-03-10,9.4,9.64,9.38,9.62,9.5676,62492429,Xianu,21,002024.SZ,technologie
2020-03-09,9.8,9.84,9.49,9.54,9.488,93295647,Xianu,21,002024.SZ,technologie
2020-03-06,9.71,10.08,9.67,9.95,9.8958,120482209,Xianu,21,002024.SZ,technologie
2020-03-05,9.8,9.82,9.69,9.78,9.7267,86809458,Xianu,21,002024.SZ,technologie
2020-03-04,9.58,9.77,9.49,9.75,9.6969,92962475,Xianu,21,002024.SZ,technologie
2020-03-03,9.56,9.65,9.5,9.54,9.488,59353600,Xianu,21,002024.SZ,technologie
2020-03-02,9.28,9.49,9.28,9.47,9.4184,51700475,Xianu,21,002024.SZ,technologie
2020-02-28,9.4,9.47,9.27,9.28,9.2295,73634857,Xianu,21,002024.SZ,technologie
2020-02-27,9.65,9.67,9.53,9.56,9.5079,53647018,Xianu,21,002024.SZ,technologie
2020-02-26,9.46,9.84,9.41,9.63,9.5775,98969970,Xianu,21,002024.SZ,technologie
2020-02-25,9.5,9.53,9.37,9.52,9.4681,88538938,Xianu,21,002024.SZ,technologie
2020-02-24,9.75,9.76,9.6,9.64,9.5875,85015349,Xianu,21,002024.SZ,technologie
2020-02-21,9.73,9.88,9.69,9.79,9.7367,95728117,Xianu,21,002024.SZ,technologie
2020-02-20,9.65,9.75,9.56,9.73,9.677,87685854,Xianu,21,002024.SZ,technologie
2020-02-19,9.66,9.71,9.61,9.62,9.5676,51670532,Xianu,21,002024.SZ,technologie
2020-02-18,9.72,9.73,9.62,9.68,9.6273,60099511,Xianu,21,002024.SZ,technologie
2020-03-17,162.5,169.2,131.6,133.1,131.01,36921358,Zee,19,ZEEL.NS,technologie
2020-03-16,175,177.95,162.4,166.35,163.74,9694803,Zee,19,ZEEL.NS,technologie
2020-03-13,177,197.5,155.15,182.8,179.93,12851366,Zee,19,ZEEL.NS,technologie
2020-03-12,191.5,199.8,188.55,190.65,187.65,14234701,Zee,19,ZEEL.NS,technologie
2020-03-11,190,213.85,188,209.5,206.21,27936837,Zee,19,ZEEL.NS,technologie
2020-03-09,215.95,215.95,190.3,194.45,191.39,20444162,Zee,19,ZEEL.NS,technologie
2020-03-06,228.9,230.8,216.55,221.15,217.67,11477990,Zee,19,ZEEL.NS,technologie
2020-03-05,251.75,254.25,235.65,238.15,234.41,13761306,Zee,19,ZEEL.NS,technologie
2020-03-04,248.05,254.45,243.9,251.75,247.79,12369910,Zee,19,ZEEL.NS,technologie
2020-03-03,234,255.95,233.85,251.1,247.15,17982847,Zee,19,ZEEL.NS,technologie
2020-03-02,244,248.95,229.9,233.85,230.18,9392956,Zee,19,ZEEL.NS,technologie
2020-02-28,240,244.65,232.6,239.3,235.54,9692261,Zee,19,ZEEL.NS,technologie
2020-02-27,254.8,254.8,243.5,244.35,240.51,6816417,Zee,19,ZEEL.NS,technologie
2020-02-26,250,253.55,247,251.4,247.45,8640042,Zee,19,ZEEL.NS,technologie
2020-02-25,251,255,249.7,251.9,247.94,6954412,Zee,19,ZEEL.NS,technologie
2020-02-24,257,257.3,248.15,249.1,245.19,7445554,Zee,19,ZEEL.NS,technologie
2020-02-20,252.5,260.85,251,256.8,252.76,9684251,Zee,19,ZEEL.NS,technologie
2020-02-19,247,255.3,244.5,252.25,248.29,11212344,Zee,19,ZEEL.NS,technologie
2020-02-18,240,247.55,238.65,245.6,241.74,12058654,Zee,19,ZEEL.NS,technologie
2020-03-17,2.1,2.33,2.1,2.25,2.1806,368400,Sharp,21,SHCAY,technologie
2020-03-16,2.17,2.26,2,2.11,2.0449,199000,Sharp,21,SHCAY,technologie
2020-03-13,2.24,2.38,2.22,2.26,2.1903,172000,Sharp,21,SHCAY,technologie
2020-03-12,2.35,2.35,2.1,2.23,2.1612,447500,Sharp,21,SHCAY,technologie
2020-03-11,2.64,2.64,2.52,2.53,2.4519,83200,Sharp,21,SHCAY,technologie
2020-03-10,2.79,2.79,2.55,2.65,2.5682,230100,Sharp,21,SHCAY,technologie
2020-03-09,2.6,2.62,2.5,2.55,2.4713,33000,Sharp,21,SHCAY,technologie
2020-03-06,2.88,2.88,2.83,2.85,2.7621,49900,Sharp,21,SHCAY,technologie
2020-03-05,2.95,2.99,2.94,2.99,2.8977,104200,Sharp,21,SHCAY,technologie
2020-03-04,3.02,3.04,2.97,3.04,2.9462,86400,Sharp,21,SHCAY,technologie
2020-03-03,2.98,3.02,2.88,2.97,2.8784,159100,Sharp,21,SHCAY,technologie
2020-03-02,3.02,3.08,2.85,2.95,2.859,69000,Sharp,21,SHCAY,technologie
2020-02-28,2.99,3.02,2.88,2.95,2.859,114700,Sharp,21,SHCAY,technologie
2020-02-27,2.96,2.96,2.89,2.9,2.8105,46100,Sharp,21,SHCAY,technologie
2020-02-26,3.01,3.1,3.01,3.04,2.9462,40700,Sharp,21,SHCAY,technologie
2020-02-25,3.09,3.1,3.01,3.07,2.9753,54900,Sharp,21,SHCAY,technologie
2020-02-24,3.21,3.21,3.07,3.07,2.9753,52000,Sharp,21,SHCAY,technologie
2020-02-21,3.24,3.26,3.24,3.24,3.14,26600,Sharp,21,SHCAY,technologie
2020-02-20,3.24,3.34,3.24,3.29,3.1885,11400,Sharp,21,SHCAY,technologie
2020-02-19,3.31,3.31,3.29,3.29,3.1885,46400,Sharp,21,SHCAY,technologie
2020-02-18,3.33,3.35,3.3,3.33,3.2273,53900,Sharp,21,SHCAY,technologie
2020-03-17,12.01,12.75,11.77,12.26,11.67,399000,Volkswagen,21,VWAGY,automobile
2020-03-16,11.48,12.16,11.35,11.52,10.96,657500,Volkswagen,21,VWAGY,automobile
2020-03-13,13.78,13.79,12.68,13.44,12.79,527500,Volkswagen,21,VWAGY,automobile
2020-03-12,13.67,13.71,12.58,12.9,12.28,448700,Volkswagen,21,VWAGY,automobile
2020-03-11,15.61,15.64,15,15.09,14.36,337800,Volkswagen,21,VWAGY,automobile
2020-03-10,15.89,15.97,15.27,15.91,15.14,260600,Volkswagen,21,VWAGY,automobile
2020-03-09,15.47,15.81,15,15.09,14.36,415500,Volkswagen,21,VWAGY,automobile
2020-03-06,16.71,16.94,16.66,16.86,16.05,129000,Volkswagen,21,VWAGY,automobile
2020-03-05,16.93,17.06,16.68,16.77,15.96,184100,Volkswagen,21,VWAGY,automobile
2020-03-04,17.38,17.63,17.28,17.6,16.75,139200,Volkswagen,21,VWAGY,automobile
2020-03-03,17.37,17.62,16.9,17.01,16.19,215700,Volkswagen,21,VWAGY,automobile
2020-03-02,17.13,17.28,16.8,17.25,16.42,169100,Volkswagen,21,VWAGY,automobile
2020-02-28,15.99,16.91,15.95,16.81,16,399200,Volkswagen,21,VWAGY,automobile
2020-02-27,16.42,16.71,16.24,16.24,15.46,239200,Volkswagen,21,VWAGY,automobile
2020-02-26,17.08,17.13,16.82,16.85,16.04,192900,Volkswagen,21,VWAGY,automobile
2020-02-25,17.1,17.11,16.72,16.75,15.94,148200,Volkswagen,21,VWAGY,automobile
2020-02-24,17.09,17.22,17.05,17.05,16.23,153600,Volkswagen,21,VWAGY,automobile
2020-02-21,18.24,18.25,18.12,18.15,17.27,57800,Volkswagen,21,VWAGY,automobile
2020-02-20,18.51,18.53,18.29,18.44,17.55,80200,Volkswagen,21,VWAGY,automobile
2020-02-19,18.45,18.5,18.41,18.49,17.6,42300,Volkswagen,21,VWAGY,automobile
2020-02-18,18.38,18.49,18.35,18.42,17.54,48800,Volkswagen,21,VWAGY,automobile
